a75056b9414474c60a946ebc4a02697efe68f0e6,DELETE,regular-file,assets/ext/jquery-ui/AUTHORS.txt,12660,
53922478dfaea648e1808e292da0acc11674fe4f,DELETE,regular-file,assets/ext/jquery-ui/CONTRIBUTING.md,5037,
be423b531de18b4764435bde03d555bfe61edd87,DELETE,regular-file,assets/ext/jquery-ui/Gruntfile.js,13508,
4819e54213fd2ad7b8aff572fc737832a49d9b2a,DELETE,regular-file,assets/ext/jquery-ui/LICENSE.txt,1817,
fd04188ab896ae29f6035d60b791f97fa153fef7,DELETE,regular-file,assets/ext/jquery-ui/README.md,2157,
bd641069d95c8132fe55ca100de9ada327a125c8,DELETE,regular-file,assets/ext/jquery-ui/bower.json,1793,
be5227a43a7c2773e4b9a8223a337ccdec701b57,DELETE,regular-file,assets/ext/jquery-ui/build/release-test.js,1216,
99b26833bdb72a3544ccd7bb598214a8b981263c,DELETE,regular-file,assets/ext/jquery-ui/build/release.js,3590,
77ae2545daf16d89a653c65b7674b57af4206f9e,DELETE,regular-file,assets/ext/jquery-ui/build/tasks/build.js,1108,
daf36838e56ba6aad8471fdd23789d8cc4319cf1,DELETE,regular-file,assets/ext/jquery-ui/build/tasks/testswarm.js,2986,
ec9ac1f2b17625e608d9fe721a4f5eda647954e9,DELETE,regular-file,assets/ext/jquery-ui/build/themes,60060,
8b1a24ccff87107f3c06156ef1c236528b50e6d1,DELETE,regular-file,assets/ext/jquery-ui/demos/accordion/collapsible.html,2283,
f7a9862a0580de437409e22a0b6c6d152e228578,DELETE,regular-file,assets/ext/jquery-ui/demos/accordion/custom-icons.html,2709,
7ed676760ae5e0f3d5cef0c884ee30aa1e25a670,DELETE,regular-file,assets/ext/jquery-ui/demos/accordion/default.html,2385,
9bafeaac5fdafc7a8968dcae617c583fe765f69d,DELETE,regular-file,assets/ext/jquery-ui/demos/accordion/fillspace.html,2824,
4f364a299ab9aceab2febe95efb582da3c118728,DELETE,regular-file,assets/ext/jquery-ui/demos/accordion/index.html,551,
b12598553c853b6b7148976140703a4af99cffa2,DELETE,regular-file,assets/ext/jquery-ui/demos/accordion/no-auto-height.html,1664,
dfd06c5116af11b9ad7e2c001aaefd9e06ac8e9b,DELETE,regular-file,assets/ext/jquery-ui/demos/accordion/sortable.html,2618,
1046988a96693e088aad12f6437cc59eb68ca1df,DELETE,regular-file,assets/ext/jquery-ui/demos/autocomplete/categories.html,1903,
403c48550c8a87669a11a171fead89e36537d9ce,DELETE,regular-file,assets/ext/jquery-ui/demos/autocomplete/combobox.html,5878,
149d7cbc50b76c7b4e1e5181d6c9a63d478d80bb,DELETE,regular-file,assets/ext/jquery-ui/demos/autocomplete/custom-data.html,2226,
21fd8a2683cddee19f98eeefeb9989e8d83aad35,DELETE,regular-file,assets/ext/jquery-ui/demos/autocomplete/default.html,1214,
b5833e429f15c3fa3ef37da701def4d187ec55ee,DELETE,regular-file,assets/ext/jquery-ui/demos/autocomplete/folding.html,1633,
6f356f3abcdaa9b2d4507864e6e0bbb4e030134a,DELETE,regular-file,assets/ext/jquery-ui/demos/autocomplete/images/jquery_32x32.png,1331,
8dd0cf7cc62c6e818a9c567c51c2e2294f0e1959,DELETE,regular-file,assets/ext/jquery-ui/demos/autocomplete/images/jqueryui_32x32.png,1150,
f5d8e2a0447b49ae789101ec3d4963f669845c69,DELETE,regular-file,assets/ext/jquery-ui/demos/autocomplete/images/sizzlejs_32x32.png,965,
ac576dd6ed1835cca23135adfd86de7d23cb2a3e,DELETE,regular-file,assets/ext/jquery-ui/demos/autocomplete/images/transparent_1x1.png,68,
084ecb879b9900663322beff5d735b8d225022b4,DELETE,regular-file,assets/ext/jquery-ui/demos/autocomplete/images/ui-anim_basic_16x16.gif,1459,
03f80c8fa7964f2b04582ad538beba2070e5f133,DELETE,regular-file,assets/ext/jquery-ui/demos/autocomplete/index.html,912,
26285499816658c6ca4de0ecc23dff485c7737da,DELETE,regular-file,assets/ext/jquery-ui/demos/autocomplete/london.xml,2429,
9ebda7938baa7fd890abf959128bb125d6caae80,DELETE,regular-file,assets/ext/jquery-ui/demos/autocomplete/maxheight.html,1471,
6b37ab93a168e48948f793a04b2ca1d46a24fc9a,DELETE,regular-file,assets/ext/jquery-ui/demos/autocomplete/multiple-remote.html,2123,
829af15cef496a9fe01785229a94c95e9a638b10,DELETE,regular-file,assets/ext/jquery-ui/demos/autocomplete/multiple.html,2274,
45976bb2cb4425735bfb04dc7517d2a1554594c2,DELETE,regular-file,assets/ext/jquery-ui/demos/autocomplete/remote-jsonp.html,1745,
c4dc42b65b9e14faa187a69a586cdc71534a6047,DELETE,regular-file,assets/ext/jquery-ui/demos/autocomplete/remote-with-cache.html,1446,
9fa4519cd566693dbde9d1e29051a1efa8e7b26d,DELETE,regular-file,assets/ext/jquery-ui/demos/autocomplete/remote.html,1636,
6ab404ccbd034dafa433342ddc561c0193af4e7f,DELETE,regular-file,assets/ext/jquery-ui/demos/autocomplete/search.php,23868,
952357531249831f45f0de303dc9bc12a1d0f6ff,DELETE,regular-file,assets/ext/jquery-ui/demos/autocomplete/xml.html,1947,
9a82071c7978bf111b909bf67a86ea19f2e803bf,DELETE,regular-file,assets/ext/jquery-ui/demos/bootstrap.js,2765,
644dcd2254162592a0fdff5d42dd3be644c1dde3,DELETE,regular-file,assets/ext/jquery-ui/demos/button/default.html,1354,
f3d4a385211f5ec1fb3f92111732a1dc82691aad,DELETE,regular-file,assets/ext/jquery-ui/demos/button/icons.html,2159,
55eacffd81115e70ee44e26cb60b08996912cc09,DELETE,regular-file,assets/ext/jquery-ui/demos/button/index.html,317,
064967c12193e022895cdfcd1e031884853916f2,DELETE,regular-file,assets/ext/jquery-ui/demos/checkboxradio/default.html,2030,
006230c13d7485f4d49124cd75d4ce5bbed77a76,DELETE,regular-file,assets/ext/jquery-ui/demos/checkboxradio/images/jquery-mobile.png,4034,
69f65c96bc2cd39f6efec667b562340d38d16bb6,DELETE,regular-file,assets/ext/jquery-ui/demos/checkboxradio/images/jquery-ui.png,4467,
034051570fafc77950d72ea4379593382082b93b,DELETE,regular-file,assets/ext/jquery-ui/demos/checkboxradio/images/jquery.png,4507,
1a0eb6ab9af66cc324922a00f7e2c04935d578eb,DELETE,regular-file,assets/ext/jquery-ui/demos/checkboxradio/images/qunit.png,4354,
41a0dac1d6e358c5e264d0d66fc3b998a3bb0b6d,DELETE,regular-file,assets/ext/jquery-ui/demos/checkboxradio/images/sizzle.png,6223,
08e598dbc82e3c8175b423402a587016ce8a3541,DELETE,regular-file,assets/ext/jquery-ui/demos/checkboxradio/index.html,444,
bcff28dcd2fdaf80252afa02ff831058c5454095,DELETE,regular-file,assets/ext/jquery-ui/demos/checkboxradio/no-icons.html,2070,
c78c516572b346bf4c4ce362c62b0cea1e8ad930,DELETE,regular-file,assets/ext/jquery-ui/demos/checkboxradio/product-selector.html,4751,
a8f808c11c3eeaac3791832cbefb59b8563fa76e,DELETE,regular-file,assets/ext/jquery-ui/demos/checkboxradio/radiogroup.html,949,
12e1a9af142274ebff82ee01cbf87b5739f77d7c,DELETE,regular-file,assets/ext/jquery-ui/demos/controlgroup/default.html,2942,
5aa4f5fd6a08de717a4049fc829c181f4f4f6e23,DELETE,regular-file,assets/ext/jquery-ui/demos/controlgroup/index.html,381,
ec2b78876d61fcccb2079d9eb71636e8be3337f6,DELETE,regular-file,assets/ext/jquery-ui/demos/controlgroup/splitbutton.html,1318,
81f5ffb6dca7627e7adc99a7b956e9e0e8ff3d7c,DELETE,regular-file,assets/ext/jquery-ui/demos/controlgroup/toolbar.html,7737,
77932571944c7af3866e8f5e624d8c95e76cc999,DELETE,regular-file,assets/ext/jquery-ui/demos/datepicker/alt-field.html,985,
7daf4bc6ce7498582f5322caf93caa36cdb29005,DELETE,regular-file,assets/ext/jquery-ui/demos/datepicker/animation.html,1553,
5b48179b49e2538d0e2dfa9ef1f1a35a3702efe8,DELETE,regular-file,assets/ext/jquery-ui/demos/datepicker/buttonbar.html,871,
5e738b4ab5ed6e89be6fdc2cb2c8730f436f79f4,DELETE,regular-file,assets/ext/jquery-ui/demos/datepicker/date-formats.html,1286,
17581e1eb7d19a61c8f7ce6c47cb57067aa237c5,DELETE,regular-file,assets/ext/jquery-ui/demos/datepicker/date-range.html,1296,
c5d668bdae18bc835bde85dfbf32c0ef69de8ac9,DELETE,regular-file,assets/ext/jquery-ui/demos/datepicker/default.html,871,
ab3da5d0af31b55cfd45d6534be5aa7627b0ca88,DELETE,regular-file,assets/ext/jquery-ui/demos/datepicker/dropdown-month-year.html,821,
71d0621d46bac92a56e22cb517360c7a59f5d39f,DELETE,regular-file,assets/ext/jquery-ui/demos/datepicker/icon-trigger.html,819,
52f2863c90764cabb11ac926b3f7e02b9b9e5e49,DELETE,regular-file,assets/ext/jquery-ui/demos/datepicker/images/calendar.gif,258,
d9c8dfc10da40ed18e4401ed432db056d6d843cc,DELETE,regular-file,assets/ext/jquery-ui/demos/datepicker/index.html,1065,
9e80267261267aace1d51e777c842e8c401df901,DELETE,regular-file,assets/ext/jquery-ui/demos/datepicker/inline.html,669,
69835931a4989092985705107f00de5f4d02e9fc,DELETE,regular-file,assets/ext/jquery-ui/demos/datepicker/localization.html,1452,
13b1b569e0cd52df76e9659ca53a92a0f6606949,DELETE,regular-file,assets/ext/jquery-ui/demos/datepicker/min-max.html,950,
033b648a279a7c62a628f468a96f3d7dcc5bd551,DELETE,regular-file,assets/ext/jquery-ui/demos/datepicker/multiple-calendars.html,736,
ff86006445c7bb01593dfdc5c8072f63bf5256ca,DELETE,regular-file,assets/ext/jquery-ui/demos/datepicker/other-months.html,758,
022d0271c9fec42a6384a157faf8bb4bfc3fe1a3,DELETE,regular-file,assets/ext/jquery-ui/demos/datepicker/show-week.html,898,
0b5b5ee49c4b20a7c14ef146232bcb4b04b24eef,DELETE,regular-file,assets/ext/jquery-ui/demos/demos.css,235,
5804610c7e5b32f2f835f870aa36f99b5581ac03,DELETE,regular-file,assets/ext/jquery-ui/demos/dialog/animated.html,1174,
65b22a51d346c0ade0858da9d90e44a884b9765f,DELETE,regular-file,assets/ext/jquery-ui/demos/dialog/default.html,964,
5ba8452d57cf1dcab52e168bca2a1fef18728f03,DELETE,regular-file,assets/ext/jquery-ui/demos/dialog/index.html,505,
cd87ef2227e476d6ded71226313a992e43eabaa7,DELETE,regular-file,assets/ext/jquery-ui/demos/dialog/modal-confirmation.html,1425,
84bf287af130659866f27d2774feb2f92d2ea267,DELETE,regular-file,assets/ext/jquery-ui/demos/dialog/modal-form.html,5081,
a26f3a2b5c05f6fe5544cd7608f71b011375936e,DELETE,regular-file,assets/ext/jquery-ui/demos/dialog/modal-message.html,1396,
5b5c9cd9e175f5af90b9d65d0bf76e82865ab33a,DELETE,regular-file,assets/ext/jquery-ui/demos/draggable/constrain-movement.html,1927,
822e0e19bba580ea8badb550f94aab62846bf445,DELETE,regular-file,assets/ext/jquery-ui/demos/draggable/cursor-style.html,1612,
513246ec81d4a04c89225c28de2d4d2d4b743d43,DELETE,regular-file,assets/ext/jquery-ui/demos/draggable/default.html,825,
9b7656571a9bfc676eb3434bc29ae02f25b08458,DELETE,regular-file,assets/ext/jquery-ui/demos/draggable/events.html,2401,
76a2b5314aec6d18bafd17c874d7dcb3579beb69,DELETE,regular-file,assets/ext/jquery-ui/demos/draggable/handle.html,1542,
ceffb9b72d4ea592a3dbc95a6113f8a0be8acd74,DELETE,regular-file,assets/ext/jquery-ui/demos/draggable/index.html,773,
1ae97c970eb685f5cef7f975a4c94c7dade79241,DELETE,regular-file,assets/ext/jquery-ui/demos/draggable/revert.html,1010,
727b226b80a31cb1bbb93bf9257af8f375840188,DELETE,regular-file,assets/ext/jquery-ui/demos/draggable/scroll.html,1416,
38abe5ea3d8cdcd7c7de3565606323ff72fb9be9,DELETE,regular-file,assets/ext/jquery-ui/demos/draggable/snap-to.html,2065,
ad231642fc1c72d8bb713f32587274c5ae8f6843,DELETE,regular-file,assets/ext/jquery-ui/demos/draggable/sortable.html,1268,
403a37158a3a9d5aecb432425d1ef60aab24d786,DELETE,regular-file,assets/ext/jquery-ui/demos/draggable/visual-feedback.html,2494,
16f224b7d3baa6902a05eb3900b27ee0ef2f99ca,DELETE,regular-file,assets/ext/jquery-ui/demos/droppable/accepted-elements.html,1446,
4d76ab4006b5565bbf95091fdcf5dd65c293fce5,DELETE,regular-file,assets/ext/jquery-ui/demos/droppable/default.html,1121,
5723680df547ac20f32e56bb7536b01f7a78b438,DELETE,regular-file,assets/ext/jquery-ui/demos/droppable/images/high_tatras.jpg,22994,
1acad3afb079e8394c21f03e8daa54cef53cbec1,DELETE,regular-file,assets/ext/jquery-ui/demos/droppable/images/high_tatras2.jpg,25619,
493e0824ae33927c1f6337ea2cb4f8f3b71a4631,DELETE,regular-file,assets/ext/jquery-ui/demos/droppable/images/high_tatras2_min.jpg,2164,
e158b1ae064c4104c58669b11b6bcc3838eff5b3,DELETE,regular-file,assets/ext/jquery-ui/demos/droppable/images/high_tatras3.jpg,24583,
4aa96b01ef519d4802393ddf6b8da68de5e6af1d,DELETE,regular-file,assets/ext/jquery-ui/demos/droppable/images/high_tatras3_min.jpg,1901,
da4124d88f6a702da573e0cfbfd60733fe364e79,DELETE,regular-file,assets/ext/jquery-ui/demos/droppable/images/high_tatras4.jpg,24870,
794dbdf78a1daea9f42f5c99ff9bdf25d0525c02,DELETE,regular-file,assets/ext/jquery-ui/demos/droppable/images/high_tatras4_min.jpg,2541,
51e0cdedff38e1f0fac3bb961acb04830fe49857,DELETE,regular-file,assets/ext/jquery-ui/demos/droppable/images/high_tatras_min.jpg,2147,
c3317f6c4a57eaeba0b62a1540c4f772560388c5,DELETE,regular-file,assets/ext/jquery-ui/demos/droppable/index.html,592,
25bf24f3b3faf5e2fbd27c4a10d4c9284414e3b9,DELETE,regular-file,assets/ext/jquery-ui/demos/droppable/photo-manager.html,6529,
a70c2f07696bdf2699a53745b55a40a0d1f11e37,DELETE,regular-file,assets/ext/jquery-ui/demos/droppable/propagation.html,2210,
5beacab992e34b5e4c32388a396e8bd5788e6175,DELETE,regular-file,assets/ext/jquery-ui/demos/droppable/revert.html,1500,
a6eb9db58c3f6407cb3cccceaf9fa68f6767fe5f,DELETE,regular-file,assets/ext/jquery-ui/demos/droppable/visual-feedback.html,1975,
45b6f5f4cc23500e7895fe9639d48b600036a26a,DELETE,regular-file,assets/ext/jquery-ui/demos/effect/addClass.html,1410,
2ff34399c883e8be62dd7dc1dbd866027a9f9f27,DELETE,regular-file,assets/ext/jquery-ui/demos/effect/animate.html,1552,
7d69abb2d76ab9b836d29f03ccb93a0c8277b151,DELETE,regular-file,assets/ext/jquery-ui/demos/effect/default.html,2841,
b22c6958089cce9e9bb488a26a1d5819e6b85c46,DELETE,regular-file,assets/ext/jquery-ui/demos/effect/easing.html,2821,
cbfb47d619e270a6f935a15a00258bfacfed514b,DELETE,regular-file,assets/ext/jquery-ui/demos/effect/hide.html,2586,
92d2986098727dd1762654c5fd4b762539b7f02c,DELETE,regular-file,assets/ext/jquery-ui/demos/effect/index.html,719,
734a9f6003202aa9fa794624d8953b9ef6e65105,DELETE,regular-file,assets/ext/jquery-ui/demos/effect/removeClass.html,1508,
8a980711c3b356ac38fd9fb506a9cae32306c69b,DELETE,regular-file,assets/ext/jquery-ui/demos/effect/show.html,2613,
ad52854d1bf10512757f4ec218309c79f1c3950c,DELETE,regular-file,assets/ext/jquery-ui/demos/effect/switchClass.html,1342,
bf94e82e04dcda661b16214ac0f1356fd22982a6,DELETE,regular-file,assets/ext/jquery-ui/demos/effect/toggle.html,2428,
80ed7f29fad883b49bfb913aac8e744e888c8360,DELETE,regular-file,assets/ext/jquery-ui/demos/effect/toggleClass.html,1283,
52f2863c90764cabb11ac926b3f7e02b9b9e5e49,DELETE,regular-file,assets/ext/jquery-ui/demos/images/calendar.gif,258,
a96b5bf33adfb9673d05a917b229771725998ef4,DELETE,regular-file,assets/ext/jquery-ui/demos/images/demo-config-on-tile.gif,172,
e3b6d7c0f723648fcd5d7b23b470d4c58d4d9b13,DELETE,regular-file,assets/ext/jquery-ui/demos/images/demo-config-on.gif,335,
ad4bd3781b52d9681013c66b341a674ca6df1153,DELETE,regular-file,assets/ext/jquery-ui/demos/images/demo-spindown-closed.gif,103,
e1c60aa558ebc4701d66d89c893b9185d92926ae,DELETE,regular-file,assets/ext/jquery-ui/demos/images/demo-spindown-open.gif,105,
ea6d2bece713351eb4b8eef968c3891322093624,DELETE,regular-file,assets/ext/jquery-ui/demos/images/icon-docs-info.gif,206,
c22469afd8a9b64afee1338884d842ae5a4c5032,DELETE,regular-file,assets/ext/jquery-ui/demos/images/pbar-ani.gif,3404,
89375dde7041c7306df5b46474dd2d5a3a62dcda,DELETE,regular-file,assets/ext/jquery-ui/demos/index.html,1168,
e359292f339afde5cc0b39c244bb76f0f34471e9,DELETE,regular-file,assets/ext/jquery-ui/demos/menu/categories.html,1101,
9b91b1dc7609d372ef11c2865d12443c7e83a2c3,DELETE,regular-file,assets/ext/jquery-ui/demos/menu/default.html,1507,
5f30b9d992f368e5fd417031e5717b4b01f24772,DELETE,regular-file,assets/ext/jquery-ui/demos/menu/icons.html,1390,
431926d357f22d64710f07c1cc1ccde4c62fd355,DELETE,regular-file,assets/ext/jquery-ui/demos/menu/index.html,366,
910b0050cfab2193cfe144edf03b8450ffab530d,DELETE,regular-file,assets/ext/jquery-ui/demos/position/cycler.html,2623,
4f6b807b834782423cb73daa4c727093153af872,DELETE,regular-file,assets/ext/jquery-ui/demos/position/default.html,3178,
e5477f75461b5de2dfe21b4e9bf8d65870487332,DELETE,regular-file,assets/ext/jquery-ui/demos/position/images/earth.jpg,29850,
362bd1a2239560b9f235b7a08e0cad7e4834a419,DELETE,regular-file,assets/ext/jquery-ui/demos/position/images/flight.jpg,33637,
9c0495c61dc645e7cb4f780dc0898063b3ee0f5b,DELETE,regular-file,assets/ext/jquery-ui/demos/position/images/rocket.jpg,32986,
8e515c4fe18b4ef0d0ca5fe8e586e6167f177959,DELETE,regular-file,assets/ext/jquery-ui/demos/position/index.html,328,
2625b00b123ac8e0a7779d8d285f9bbe96ea289e,DELETE,regular-file,assets/ext/jquery-ui/demos/progressbar/default.html,599,
0528fc63bbe05eba90e8d64da433a2cee923cd7c,DELETE,regular-file,assets/ext/jquery-ui/demos/progressbar/download.html,2588,
c22469afd8a9b64afee1338884d842ae5a4c5032,DELETE,regular-file,assets/ext/jquery-ui/demos/progressbar/images/pbar-ani.gif,3404,
816808f82d7b2030228501656f90f7706db4437b,DELETE,regular-file,assets/ext/jquery-ui/demos/progressbar/indeterminate.html,1494,
1a9e9c9216b654ef9cb2d1c9ad7be2b63bf27c22,DELETE,regular-file,assets/ext/jquery-ui/demos/progressbar/index.html,441,
9ff0a7596e99b6e43d6fe96823baa4c29d4b09f8,DELETE,regular-file,assets/ext/jquery-ui/demos/progressbar/label.html,1284,
012777ad73133e09a9db13ed803a52f7260655a9,DELETE,regular-file,assets/ext/jquery-ui/demos/resizable/animate.html,996,
6fe961db4c10703550415a8414105a0195c79db9,DELETE,regular-file,assets/ext/jquery-ui/demos/resizable/aspect-ratio.html,968,
b2660192ea65dd6745554ad5503efbdb29ee053e,DELETE,regular-file,assets/ext/jquery-ui/demos/resizable/constrain-area.html,1158,
ef82efd2382c89398051c4f6183e8486310ca2ed,DELETE,regular-file,assets/ext/jquery-ui/demos/resizable/default.html,871,
f68da91b7268f2663ba252f9fcdcbcc4d98c6869,DELETE,regular-file,assets/ext/jquery-ui/demos/resizable/helper.html,924,
568c9cb57e45cd66e4bfb5d86e8b81c00403888c,DELETE,regular-file,assets/ext/jquery-ui/demos/resizable/index.html,794,
69b4b57cb7079f7befcbb00e1f502a6fbad34123,DELETE,regular-file,assets/ext/jquery-ui/demos/resizable/max-min.html,1016,
172ed724ffc607b51f230c1d49bf05eed50a3543,DELETE,regular-file,assets/ext/jquery-ui/demos/resizable/snap-to-grid.html,880,
7086c878c7b081699fec93bde73fc730425b4f96,DELETE,regular-file,assets/ext/jquery-ui/demos/resizable/synchronous-resize.html,1131,
e752654ef0ec5520a12e315fc2a8dc05f81a94c3,DELETE,regular-file,assets/ext/jquery-ui/demos/resizable/textarea.html,746,
750d4858d038903df98fbb031e18471d4195f512,DELETE,regular-file,assets/ext/jquery-ui/demos/resizable/visual-feedback.html,944,
2113f33edb629783d2c1baae96bd7e2678a354d4,DELETE,regular-file,assets/ext/jquery-ui/demos/selectable/default.html,1342,
c4acc429f2be8ff4d4f9262b1b81731b0e0fc9f6,DELETE,regular-file,assets/ext/jquery-ui/demos/selectable/display-grid.html,1450,
1933fdf9a77b3632173e6d7cbb9a76633a88c5a4,DELETE,regular-file,assets/ext/jquery-ui/demos/selectable/index.html,387,
4237031132596fd4a072aa3637f1479b2a9c623f,DELETE,regular-file,assets/ext/jquery-ui/demos/selectable/serialize.html,1601,
6ca68cac89a2c66add456e2dc9cfc640ff32a4da,DELETE,regular-file,assets/ext/jquery-ui/demos/selectmenu/custom_render.html,4001,
e8bb1a6a74f8e8223d4dc19f2937f7663a3f03ce,DELETE,regular-file,assets/ext/jquery-ui/demos/selectmenu/default.html,2655,
f49fe096522b43b4ab475c32254fdb04a2cb4f9a,DELETE,regular-file,assets/ext/jquery-ui/demos/selectmenu/images/24-podcast-square.png,395,
822d34c6edb89a7f3e739c6e8940b80c7e2eb4b2,DELETE,regular-file,assets/ext/jquery-ui/demos/selectmenu/images/24-rss-square.png,387,
54b6455aed27056f8ad1dd6361a2aafd0cf70153,DELETE,regular-file,assets/ext/jquery-ui/demos/selectmenu/images/24-video-square.png,487,
4b83f727f9df8e073ff3048da7fb1f97d6d1b640,DELETE,regular-file,assets/ext/jquery-ui/demos/selectmenu/index.html,424,
a6f1a2203ff1441dff4e90b1d38faf89ba1a2737,DELETE,regular-file,assets/ext/jquery-ui/demos/selectmenu/product-selection.html,1877,
66b6474b29523711b59076f495425590e6dfc0b7,DELETE,regular-file,assets/ext/jquery-ui/demos/slider/colorpicker.html,2241,
11192f3189eb726207d94ed5a9b0986947c3f418,DELETE,regular-file,assets/ext/jquery-ui/demos/slider/custom-handle.html,1030,
62789ac48c967af4021eafe5af145be20c098639,DELETE,regular-file,assets/ext/jquery-ui/demos/slider/default.html,643,
1eb50470eb4879659eb76ff21f99465b6f46149f,DELETE,regular-file,assets/ext/jquery-ui/demos/slider/hotelrooms.html,1277,
f853a79aa187009bddb7e14b0e8183051ca6b094,DELETE,regular-file,assets/ext/jquery-ui/demos/slider/index.html,869,
0af65f86bd49744db5a674cc859410c80e0a390f,DELETE,regular-file,assets/ext/jquery-ui/demos/slider/multiple-vertical.html,1885,
b8c3b1e24ebc986d6932876bc3eb8318d68b79c1,DELETE,regular-file,assets/ext/jquery-ui/demos/slider/range-vertical.html,1244,
646b1d9030afa261847461f283a5edc1e3929846,DELETE,regular-file,assets/ext/jquery-ui/demos/slider/range.html,1198,
a98592d318760b3841f53067c2b2a5c2410f6825,DELETE,regular-file,assets/ext/jquery-ui/demos/slider/rangemax.html,1043,
95d7516e5751f5a017ec22c58775532939655cd5,DELETE,regular-file,assets/ext/jquery-ui/demos/slider/rangemin.html,1045,
00014f635ba481511fd9a24c7eba52f2b4584392,DELETE,regular-file,assets/ext/jquery-ui/demos/slider/slider-vertical.html,1130,
9f8b680930866442673702c16071689d6b85afea,DELETE,regular-file,assets/ext/jquery-ui/demos/slider/steps.html,1050,
fcf5dcd0125ab06264ff3e90f629f8689df680aa,DELETE,regular-file,assets/ext/jquery-ui/demos/sortable/connect-lists.html,1760,
f37a23c44af27d88580fb44cb4e8484d327beb55,DELETE,regular-file,assets/ext/jquery-ui/demos/sortable/default.html,1764,
76f2d7b6816fe76940c3904476d92b6a9ac5aeec,DELETE,regular-file,assets/ext/jquery-ui/demos/sortable/display-grid.html,1371,
a6bc4a7f142100439c7e6b1cdfb0d2b109558f1c,DELETE,regular-file,assets/ext/jquery-ui/demos/sortable/empty-lists.html,1837,
022da81d2b6194a10d74f4e390e41e1477a04d5b,DELETE,regular-file,assets/ext/jquery-ui/demos/sortable/index.html,617,
a13410d0a403cacf5e211bf37bba56ed841d7bb3,DELETE,regular-file,assets/ext/jquery-ui/demos/sortable/items.html,1945,
50d83c2a995b257c4570322266922c2c14ecb3cf,DELETE,regular-file,assets/ext/jquery-ui/demos/sortable/placeholder.html,1573,
2eab237cd2fa388359ded01dc0e852769b0d8efe,DELETE,regular-file,assets/ext/jquery-ui/demos/sortable/portlets.html,2659,
4180b12e1110e6818a95c4c8093f77fd39d755d0,DELETE,regular-file,assets/ext/jquery-ui/demos/spinner/currency.html,1275,
0b39f2bac33d03eecaaea6fd1bad469571c717da,DELETE,regular-file,assets/ext/jquery-ui/demos/spinner/decimal.html,1508,
39684fb5efc96299d09bfc10bc4b190fbe8c18e9,DELETE,regular-file,assets/ext/jquery-ui/demos/spinner/default.html,1450,
e61d0ddcaadaca66d5aed416bccb9c50da2ee451,DELETE,regular-file,assets/ext/jquery-ui/demos/spinner/index.html,496,
29fd28adaa80c72b2ac86aeb101ee683bef03859,DELETE,regular-file,assets/ext/jquery-ui/demos/spinner/latlong.html,1290,
9908a3442b81f6831ad498f9bf0d9ef58cb698f7,DELETE,regular-file,assets/ext/jquery-ui/demos/spinner/overflow.html,1002,
5836784d155069b1aa90dd89bbb6e267db7044b5,DELETE,regular-file,assets/ext/jquery-ui/demos/spinner/time.html,1813,
f10e6480e40a5ecc321534e9caeb6cd708a228da,DELETE,regular-file,assets/ext/jquery-ui/demos/tabs/ajax.html,1889,
472bdfb366bac9ce39027538e644e5131586d586,DELETE,regular-file,assets/ext/jquery-ui/demos/tabs/ajax/content1.html,2219,
18b03e40baab28b2bfd97a28748f95a00ad1b763,DELETE,regular-file,assets/ext/jquery-ui/demos/tabs/ajax/content2.html,2156,
7ad43ec06bded8807963e5ed00fec0470c3d7b71,DELETE,regular-file,assets/ext/jquery-ui/demos/tabs/ajax/content3-slow.php,2194,
55ea2fe9f84246cb881273b9a130a6c9956d4596,DELETE,regular-file,assets/ext/jquery-ui/demos/tabs/ajax/content4-broken.php,43,
7fcd15bdbf0c8a92fd93d52468e98c298a27d458,DELETE,regular-file,assets/ext/jquery-ui/demos/tabs/collapsible.html,3013,
4c2b0fad304988118ad59ada03339e858ad63724,DELETE,regular-file,assets/ext/jquery-ui/demos/tabs/default.html,3130,
11d0b46b36043fa1280d7bfb77a134cad844ceaa,DELETE,regular-file,assets/ext/jquery-ui/demos/tabs/index.html,549,
a9f40b771f5994f6b376b099d0dd90860e38d07f,DELETE,regular-file,assets/ext/jquery-ui/demos/tabs/manipulation.html,4046,
edd0943c88f1a458f9a7dab717962964542350ff,DELETE,regular-file,assets/ext/jquery-ui/demos/tabs/mouseover.html,3197,
051663ed4e9835b451126745e78150c78d0e18a3,DELETE,regular-file,assets/ext/jquery-ui/demos/tabs/sortable.html,3352,
8b6aa45a5ec25ed07b006809854078d99edd47cc,DELETE,regular-file,assets/ext/jquery-ui/demos/tabs/vertical.html,3911,
a1401b26da5f000e4d7ba283faab04df26840f58,DELETE,regular-file,assets/ext/jquery-ui/demos/tooltip/ajax/content1.html,57,
f4132d731bf13bf3f0f2749e465d8954e8ece076,DELETE,regular-file,assets/ext/jquery-ui/demos/tooltip/ajax/content2.html,63,
d4419e6c356ddbcbcbd315abf8da7e4306ebf98c,DELETE,regular-file,assets/ext/jquery-ui/demos/tooltip/custom-animation.html,1497,
003bf110dea5a96e2fe3e02c63e2e1d8c48bda81,DELETE,regular-file,assets/ext/jquery-ui/demos/tooltip/custom-content.html,2511,
8f1bd51e219616b2006498f0053971f68a45c832,DELETE,regular-file,assets/ext/jquery-ui/demos/tooltip/custom-style.html,2439,
93a5536ccb5b51c8ee1a8e2fd2aff57daa136847,DELETE,regular-file,assets/ext/jquery-ui/demos/tooltip/default.html,1406,
7221d38abf3daf90490ab9c4ba9d8f14e97b0c00,DELETE,regular-file,assets/ext/jquery-ui/demos/tooltip/forms.html,1615,
30fc36d674153794f979bb148ed44d8d82b7d429,DELETE,regular-file,assets/ext/jquery-ui/demos/tooltip/images/st-stephens.jpg,17724,
d1e14d6d28d5bea35debaa01cc3abaf834668050,DELETE,regular-file,assets/ext/jquery-ui/demos/tooltip/images/tower-bridge.jpg,15764,
2ff0fc10c130a51ce9c8fccc87491501b048b6a4,DELETE,regular-file,assets/ext/jquery-ui/demos/tooltip/index.html,629,
390f43b8cf15ca3585b958434d82accde09f722a,DELETE,regular-file,assets/ext/jquery-ui/demos/tooltip/tracking.html,1491,
e1ebac24f3288e25b2c3e5e078cb54a7f760ea74,DELETE,regular-file,assets/ext/jquery-ui/demos/tooltip/video-player.html,3236,
0f62bb9684677b6e4acc28eac4bd2d38658d723d,DELETE,regular-file,assets/ext/jquery-ui/demos/widget/default.html,4736,
e75390ba0f1f81180071f025786c4fe810dfcda3,DELETE,regular-file,assets/ext/jquery-ui/demos/widget/index.html,275,
9c8b022405ce88fb8c43212e8af783c0cccfed3f,DELETE,regular-file,assets/ext/jquery-ui/external/globalize/LICENSE,1095,
5466bd75e3b260e1111a78ec8ba031c5fde89903,DELETE,regular-file,assets/ext/jquery-ui/external/globalize/globalize.culture.de-DE.js,1898,
a9469d709f485ef2a8aa1eb3a1ee25f3926f4143,DELETE,regular-file,assets/ext/jquery-ui/external/globalize/globalize.culture.ja-JP.js,2859,
a38a32625d3fd425bda080de12a4ed4ff19dfbf5,DELETE,regular-file,assets/ext/jquery-ui/external/globalize/globalize.js,45705,
957f26d3e3b5ae3922f2f220263c51ab220088d4,DELETE,regular-file,assets/ext/jquery-ui/external/jquery-1.10.0/MIT-LICENSE.txt,1099,
a4b8b8a2cbae8cd4680c236905f8dba0bc8fdd69,DELETE,regular-file,assets/ext/jquery-ui/external/jquery-1.10.0/jquery.js,273809,
957f26d3e3b5ae3922f2f220263c51ab220088d4,DELETE,regular-file,assets/ext/jquery-ui/external/jquery-1.10.1/MIT-LICENSE.txt,1099,
6f8c96758098b31dd991d9358929ef7ce7609f0a,DELETE,regular-file,assets/ext/jquery-ui/external/jquery-1.10.1/jquery.js,274080,
957f26d3e3b5ae3922f2f220263c51ab220088d4,DELETE,regular-file,assets/ext/jquery-ui/external/jquery-1.10.2/MIT-LICENSE.txt,1099,
c5c648255c1574dcc95c506b82c25044f0972dfd,DELETE,regular-file,assets/ext/jquery-ui/external/jquery-1.10.2/jquery.js,273199,
cdd31b5c7103e4b0191fd1c860559b7b82806f01,DELETE,regular-file,assets/ext/jquery-ui/external/jquery-1.11.0/MIT-LICENSE.txt,1099,
3c88fa8b7fd3f1c1f70f6d99800f315ba7a032f1,DELETE,regular-file,assets/ext/jquery-ui/external/jquery-1.11.0/jquery.js,282944,
cdd31b5c7103e4b0191fd1c860559b7b82806f01,DELETE,regular-file,assets/ext/jquery-ui/external/jquery-1.11.1/MIT-LICENSE.txt,1099,
d4b67f7e6c1a94df167f31657769717a71581066,DELETE,regular-file,assets/ext/jquery-ui/external/jquery-1.11.1/jquery.js,282766,
cdd31b5c7103e4b0191fd1c860559b7b82806f01,DELETE,regular-file,assets/ext/jquery-ui/external/jquery-1.11.2/MIT-LICENSE.txt,1099,
1c3aa8228f35d7cf2e9aa67d5dac9efc463f89b4,DELETE,regular-file,assets/ext/jquery-ui/external/jquery-1.11.2/jquery.js,284184,
cdd31b5c7103e4b0191fd1c860559b7b82806f01,DELETE,regular-file,assets/ext/jquery-ui/external/jquery-1.11.3/MIT-LICENSE.txt,1099,
6feb11086f45e266dd2334213479f0dc2276fb02,DELETE,regular-file,assets/ext/jquery-ui/external/jquery-1.11.3/jquery.js,284394,
5312a4c864d220d496ae0b6fd11834a08396fb89,DELETE,regular-file,assets/ext/jquery-ui/external/jquery-1.12.0/LICENSE.txt,1606,
4855adcbf1428c5ec21d812291f4411a73d05eae,DELETE,regular-file,assets/ext/jquery-ui/external/jquery-1.12.0/jquery.js,294161,
5312a4c864d220d496ae0b6fd11834a08396fb89,DELETE,regular-file,assets/ext/jquery-ui/external/jquery-1.12.1/LICENSE.txt,1606,
d888910a863d8bec4c23831f276fa257e3198242,DELETE,regular-file,assets/ext/jquery-ui/external/jquery-1.12.1/jquery.js,294199,
5312a4c864d220d496ae0b6fd11834a08396fb89,DELETE,regular-file,assets/ext/jquery-ui/external/jquery-1.12.2/LICENSE.txt,1606,
61f168b270c8b20fd4cc2cc05ce4429bf28cfefb,DELETE,regular-file,assets/ext/jquery-ui/external/jquery-1.12.2/jquery.js,293840,
5312a4c864d220d496ae0b6fd11834a08396fb89,DELETE,regular-file,assets/ext/jquery-ui/external/jquery-1.12.3/LICENSE.txt,1606,
5fac9dd3f6ce7b41649f25e0a31e8bbf3d0a1b71,DELETE,regular-file,assets/ext/jquery-ui/external/jquery-1.12.3/jquery.js,293650,
5312a4c864d220d496ae0b6fd11834a08396fb89,DELETE,regular-file,assets/ext/jquery-ui/external/jquery-1.12.4/LICENSE.txt,1606,
7fc60fca78b6201f814da4b2906cae2b69ee9610,DELETE,regular-file,assets/ext/jquery-ui/external/jquery-1.12.4/jquery.js,293430,
532704636b730cba3b36bb35ad0945295b188597,DELETE,regular-file,assets/ext/jquery-ui/external/jquery-1.7.0/MIT-LICENSE.txt,1074,
eda55db3559a9e502b51a43d18c16ea0014398ec,DELETE,regular-file,assets/ext/jquery-ui/external/jquery-1.7.0/jquery.js,249159,
532704636b730cba3b36bb35ad0945295b188597,DELETE,regular-file,assets/ext/jquery-ui/external/jquery-1.7.1/MIT-LICENSE.txt,1074,
8ccd0ea786eaad67e346b4630030f1f97aedbd62,DELETE,regular-file,assets/ext/jquery-ui/external/jquery-1.7.1/jquery.js,248235,
532704636b730cba3b36bb35ad0945295b188597,DELETE,regular-file,assets/ext/jquery-ui/external/jquery-1.7.2/MIT-LICENSE.txt,1074,
3774ff986139c8a7534e14bc8987fe80418dcc1b,DELETE,regular-file,assets/ext/jquery-ui/external/jquery-1.7.2/jquery.js,252881,
7b154c121919a8886175538e3bde2d9902422528,DELETE,regular-file,assets/ext/jquery-ui/external/jquery-1.8.0/MIT-LICENSE.txt,1099,
dfe5eb00a9b5a2b59f01c0618cb882fa399d15fe,DELETE,regular-file,assets/ext/jquery-ui/external/jquery-1.8.0/jquery.js,258377,
7b154c121919a8886175538e3bde2d9902422528,DELETE,regular-file,assets/ext/jquery-ui/external/jquery-1.8.1/MIT-LICENSE.txt,1099,
f6cb2a6fbdc9282d1cba282da128d301f0e52338,DELETE,regular-file,assets/ext/jquery-ui/external/jquery-1.8.1/jquery.js,259996,
7b154c121919a8886175538e3bde2d9902422528,DELETE,regular-file,assets/ext/jquery-ui/external/jquery-1.8.2/MIT-LICENSE.txt,1099,
7893ca9e11b91a330a87abea9bbdcd917e2a4ac8,DELETE,regular-file,assets/ext/jquery-ui/external/jquery-1.8.2/jquery.js,265217,
7b154c121919a8886175538e3bde2d9902422528,DELETE,regular-file,assets/ext/jquery-ui/external/jquery-1.8.3/MIT-LICENSE.txt,1099,
b4318519e88da616d381aeb1c16052e6281bad4e,DELETE,regular-file,assets/ext/jquery-ui/external/jquery-1.8.3/jquery.js,418275,
7b154c121919a8886175538e3bde2d9902422528,DELETE,regular-file,assets/ext/jquery-ui/external/jquery-1.9.0/MIT-LICENSE.txt,1099,
67e31603d1b1c86df82974f1c85d70c9075eb43f,DELETE,regular-file,assets/ext/jquery-ui/external/jquery-1.9.0/jquery.js,267320,
7b154c121919a8886175538e3bde2d9902422528,DELETE,regular-file,assets/ext/jquery-ui/external/jquery-1.9.1/MIT-LICENSE.txt,1099,
86a330515eede7c169280718decc9de4ddb494fb,DELETE,regular-file,assets/ext/jquery-ui/external/jquery-1.9.1/jquery.js,268380,
957f26d3e3b5ae3922f2f220263c51ab220088d4,DELETE,regular-file,assets/ext/jquery-ui/external/jquery-2.0.0/MIT-LICENSE.txt,1099,
f389a3e3bb63c257358942878e12995ae3182154,DELETE,regular-file,assets/ext/jquery-ui/external/jquery-2.0.0/jquery.js,240196,
957f26d3e3b5ae3922f2f220263c51ab220088d4,DELETE,regular-file,assets/ext/jquery-ui/external/jquery-2.0.1/MIT-LICENSE.txt,1099,
c492c14d825b41eb41f10547f6655d653b611edb,DELETE,regular-file,assets/ext/jquery-ui/external/jquery-2.0.1/jquery.js,242727,
957f26d3e3b5ae3922f2f220263c51ab220088d4,DELETE,regular-file,assets/ext/jquery-ui/external/jquery-2.0.2/MIT-LICENSE.txt,1099,
280083f3afb8eddafa139ef6e6c6a66a366e8b37,DELETE,regular-file,assets/ext/jquery-ui/external/jquery-2.0.2/jquery.js,242915,
957f26d3e3b5ae3922f2f220263c51ab220088d4,DELETE,regular-file,assets/ext/jquery-ui/external/jquery-2.0.3/MIT-LICENSE.txt,1099,
ebc6c187d75fd21778c97fdb7801f389050d450a,DELETE,regular-file,assets/ext/jquery-ui/external/jquery-2.0.3/jquery.js,242142,
cdd31b5c7103e4b0191fd1c860559b7b82806f01,DELETE,regular-file,assets/ext/jquery-ui/external/jquery-2.1.0/MIT-LICENSE.txt,1099,
f7f422773d9dcedcd11869151d7bcf5ade218a2d,DELETE,regular-file,assets/ext/jquery-ui/external/jquery-2.1.0/jquery.js,244963,
cdd31b5c7103e4b0191fd1c860559b7b82806f01,DELETE,regular-file,assets/ext/jquery-ui/external/jquery-2.1.1/MIT-LICENSE.txt,1099,
9f7b3d38958726758eddc89880d50db98e11cfac,DELETE,regular-file,assets/ext/jquery-ui/external/jquery-2.1.1/jquery.js,247351,
cdd31b5c7103e4b0191fd1c860559b7b82806f01,DELETE,regular-file,assets/ext/jquery-ui/external/jquery-2.1.2/MIT-LICENSE.txt,1099,
96d6f30bb73d4400e090994c4ff16373761ff658,DELETE,regular-file,assets/ext/jquery-ui/external/jquery-2.1.2/jquery.js,247380,
cdd31b5c7103e4b0191fd1c860559b7b82806f01,DELETE,regular-file,assets/ext/jquery-ui/external/jquery-2.1.3/MIT-LICENSE.txt,1099,
79d631ff4639efcbf886547a40ec02143244e55c,DELETE,regular-file,assets/ext/jquery-ui/external/jquery-2.1.3/jquery.js,247387,
cdd31b5c7103e4b0191fd1c860559b7b82806f01,DELETE,regular-file,assets/ext/jquery-ui/external/jquery-2.1.4/MIT-LICENSE.txt,1099,
eed17778c688271208406367c0c1681d81feca6f,DELETE,regular-file,assets/ext/jquery-ui/external/jquery-2.1.4/jquery.js,247597,
5312a4c864d220d496ae0b6fd11834a08396fb89,DELETE,regular-file,assets/ext/jquery-ui/external/jquery-2.2.0/LICENSE.txt,1606,
1e0ba99740311a0dfe882f0fde91f7210602f5e9,DELETE,regular-file,assets/ext/jquery-ui/external/jquery-2.2.0/jquery.js,258388,
5312a4c864d220d496ae0b6fd11834a08396fb89,DELETE,regular-file,assets/ext/jquery-ui/external/jquery-2.2.1/LICENSE.txt,1606,
b7c491f4ce13f0a84c607fab5b8a3e424ac88ad2,DELETE,regular-file,assets/ext/jquery-ui/external/jquery-2.2.1/jquery.js,258549,
5312a4c864d220d496ae0b6fd11834a08396fb89,DELETE,regular-file,assets/ext/jquery-ui/external/jquery-2.2.2/LICENSE.txt,1606,
f942984f316f4bc593afbb25628fcf9856cb05e8,DELETE,regular-file,assets/ext/jquery-ui/external/jquery-2.2.2/jquery.js,258648,
5312a4c864d220d496ae0b6fd11834a08396fb89,DELETE,regular-file,assets/ext/jquery-ui/external/jquery-2.2.3/LICENSE.txt,1606,
385474756fe0b8d2b1d4b32f51a64344d50a348e,DELETE,regular-file,assets/ext/jquery-ui/external/jquery-2.2.3/jquery.js,258648,
5312a4c864d220d496ae0b6fd11834a08396fb89,DELETE,regular-file,assets/ext/jquery-ui/external/jquery-2.2.4/LICENSE.txt,1606,
5c3c456ac484e2f7244a7e8d16578d77eb218373,DELETE,regular-file,assets/ext/jquery-ui/external/jquery-2.2.4/jquery.js,257551,
5312a4c864d220d496ae0b6fd11834a08396fb89,DELETE,regular-file,assets/ext/jquery-ui/external/jquery-3.0.0/LICENSE.txt,1606,
aad916a311baab7a1881701b5f3e63a7ad2072cc,DELETE,regular-file,assets/ext/jquery-ui/external/jquery-3.0.0/jquery.js,263268,
5312a4c864d220d496ae0b6fd11834a08396fb89,DELETE,regular-file,assets/ext/jquery-ui/external/jquery-3.1.0/LICENSE.txt,1606,
f2fc2747874e38d72f12812ed38418bc21935608,DELETE,regular-file,assets/ext/jquery-ui/external/jquery-3.1.0/jquery.js,263767,
cdd31b5c7103e4b0191fd1c860559b7b82806f01,DELETE,regular-file,assets/ext/jquery-ui/external/jquery-custom/MIT-LICENSE.txt,1099,
15968f032302dd182fea03d46cc6a8cd4a5e5e3b,DELETE,regular-file,assets/ext/jquery-ui/external/jquery-custom/jquery.js,283248,
ad2020df4fc7a072a229f6e23e53351bfe542a96,DELETE,regular-file,assets/ext/jquery-ui/external/jquery-mousewheel/LICENSE.txt,1084,
6756fa61088a8636aca6c3c14cbceb7fb4eb2ac4,DELETE,regular-file,assets/ext/jquery-ui/external/jquery-mousewheel/jquery.mousewheel.js,8279,
24cad742ed091af0d50e6d95dd5c1791fa695b72,DELETE,regular-file,assets/ext/jquery-ui/external/jquery-simulate/LICENSE.txt,1626,
4a96cc310615b44ff70414974bbd3b99ea5dbadb,DELETE,regular-file,assets/ext/jquery-ui/external/jquery-simulate/jquery.simulate.js,8462,
5312a4c864d220d496ae0b6fd11834a08396fb89,DELETE,regular-file,assets/ext/jquery-ui/external/jquery/LICENSE.txt,1606,
cdd31b5c7103e4b0191fd1c860559b7b82806f01,DELETE,regular-file,assets/ext/jquery-ui/external/jquery/MIT-LICENSE.txt,1099,
7fc60fca78b6201f814da4b2906cae2b69ee9610,DELETE,regular-file,assets/ext/jquery-ui/external/jquery/jquery.js,293430,
0e247b19fcde7369e8d249cded2f4e209fb41434,DELETE,regular-file,assets/ext/jquery-ui/external/jshint/LICENSE/LICENSE,1074,
8e0027b76635d639b21f3b3a54b3d45d9b0f378f,DELETE,regular-file,assets/ext/jquery-ui/external/jshint/jshint.js,741523,
938db0368159d3f278a9e5ea81cb5b4d49fe5529,DELETE,regular-file,assets/ext/jquery-ui/external/qunit-assert-classes/LICENSE.txt,1085,
93edebf9d01610acf34a08d914086d3945d44eda,DELETE,regular-file,assets/ext/jquery-ui/external/qunit-assert-classes/qunit-assert-classes.js,5295,
aed5dc97ec522694847559c2539584aa4e23b177,DELETE,regular-file,assets/ext/jquery-ui/external/qunit-assert-close/MIT-LICENSE.txt,1094,
bd843810a52643d7fb4e3be9a820c5b451e46a12,DELETE,regular-file,assets/ext/jquery-ui/external/qunit-assert-close/qunit-assert-close.js,4181,
155d8e869160792f48cd4a8ba37995e46d65239d,DELETE,regular-file,assets/ext/jquery-ui/external/qunit-composite/LICENSE.txt,1606,
54e791b137cd9a374d6908e0a06c1316796c8023,DELETE,regular-file,assets/ext/jquery-ui/external/qunit-composite/qunit-composite.css,196,
1ffd2eea575a765a64125db61d3bbefab6ce54e2,DELETE,regular-file,assets/ext/jquery-ui/external/qunit-composite/qunit-composite.js,4768,
a3a9b5120d1ae0c064863c2f1ce02c93b9c608c6,DELETE,regular-file,assets/ext/jquery-ui/external/qunit/LICENSE.txt,1590,
957f26d3e3b5ae3922f2f220263c51ab220088d4,DELETE,regular-file,assets/ext/jquery-ui/external/qunit/MIT-LICENSE.txt,1099,
f1dcd4e1ccf8632e6840a607157ed0b2c7b7ab03,DELETE,regular-file,assets/ext/jquery-ui/external/qunit/qunit.css,5146,
f3542ca9d4c2495b5fe73cf8685cce3b32405de1,DELETE,regular-file,assets/ext/jquery-ui/external/qunit/qunit.js,115758,
7f31fa20417d5e7f9bd26dde74d8678c34ff20af,DELETE,regular-file,assets/ext/jquery-ui/external/requirejs/require.js,83083,
ab2335fad2decd6a375d8e80423176da24223856,DELETE,regular-file,assets/ext/jquery-ui/package.json,1851,
030f1bc26847ed0511d18387c7df08c91eab1bd9,DELETE,regular-file,assets/ext/jquery-ui/tests/images/jquery_521x191.png,3866,
8dd0cf7cc62c6e818a9c567c51c2e2294f0e1959,DELETE,regular-file,assets/ext/jquery-ui/tests/images/jqueryui_32x32.png,1150,
5e35ae859be45538c29bd4762a0cba6de621cf1a,DELETE,regular-file,assets/ext/jquery-ui/tests/index.css,198,
89323d61a5275ea913e91274f43a5df564895ae9,DELETE,regular-file,assets/ext/jquery-ui/tests/index.html,1132,
30771f7949236878440e53c8da7a81792ab2144b,DELETE,regular-file,assets/ext/jquery-ui/tests/index.js,193,
3d9cc3691a1b10de92eed93ffd461a9648f5a6c7,DELETE,regular-file,assets/ext/jquery-ui/tests/lib/bootstrap.js,3958,
57b7768cf93c691f3a30682e077929276f69a8f6,DELETE,regular-file,assets/ext/jquery-ui/tests/lib/common.js,3681,
ab707ad2a3d2395ff5607693f86390e7fe536153,DELETE,regular-file,assets/ext/jquery-ui/tests/lib/css.js,569,
400d854897cadf813edf5f69b5a55b6dcdcb609c,DELETE,regular-file,assets/ext/jquery-ui/tests/lib/helper.js,599,
b22bd90b969d69540912e4b19479d40bd7aa0148,DELETE,regular-file,assets/ext/jquery-ui/tests/lib/qunit-assert-domequal.js,2712,
c81f11622f980e0e03a053b376e72463af86413d,DELETE,regular-file,assets/ext/jquery-ui/tests/lib/qunit.js,1193,
ce58567552bbd85d5235f80ff3f5f773d8c2869b,DELETE,regular-file,assets/ext/jquery-ui/tests/unit/accordion/accordion.html,2832,
3c247cdaef2f6ba4f64efe942e0b2dffa21edb07,DELETE,regular-file,assets/ext/jquery-ui/tests/unit/accordion/all.html,644,
453506dbdfea999c4863abffec5108a5075d0b02,DELETE,regular-file,assets/ext/jquery-ui/tests/unit/accordion/common.js,623,
119280bc9409090497fab1a9102bfb1bc79223cc,DELETE,regular-file,assets/ext/jquery-ui/tests/unit/accordion/core.js,10889,
b9af7ce0649040d101be685ebe0c7cd038da7d68,DELETE,regular-file,assets/ext/jquery-ui/tests/unit/accordion/events.js,5633,
80bfc1854ccee4ba5240550ab87067757f360a7b,DELETE,regular-file,assets/ext/jquery-ui/tests/unit/accordion/helper.js,883,
1b11e91ee6bf79d4fc16d29867612a93912e6ddf,DELETE,regular-file,assets/ext/jquery-ui/tests/unit/accordion/methods.js,4153,
2dec303a97d144257dd05bcc0502c0c02f38564b,DELETE,regular-file,assets/ext/jquery-ui/tests/unit/accordion/options.js,15677,
22f60f7b5b496e240f6c089e218484ef6490c9c5,DELETE,regular-file,assets/ext/jquery-ui/tests/unit/all.html,1674,
4ff90fe3c8c3d3e8f7175496fb5c01aed5680819,DELETE,regular-file,assets/ext/jquery-ui/tests/unit/autocomplete/all.html,650,
484f2d95758de5045f5439018deaceeef4620d52,DELETE,regular-file,assets/ext/jquery-ui/tests/unit/autocomplete/autocomplete.html,709,
a4d57f95db93ca15d8d8e45ea3f59d948da65930,DELETE,regular-file,assets/ext/jquery-ui/tests/unit/autocomplete/common.js,601,
33ccb2f34daaf9fd2c125ea415583cc4576e4554,DELETE,regular-file,assets/ext/jquery-ui/tests/unit/autocomplete/core.js,13771,
f02d36dd740cf7aee4a9d6adf3d38a75089e3dd7,DELETE,regular-file,assets/ext/jquery-ui/tests/unit/autocomplete/events.js,5561,
7aa3058b3cf80f1e15a3faeb337554259e91003d,DELETE,regular-file,assets/ext/jquery-ui/tests/unit/autocomplete/methods.js,1599,
c3f445db1f49b19ef99a141a0c2df8af0a00d887,DELETE,regular-file,assets/ext/jquery-ui/tests/unit/autocomplete/options.js,9557,
f6be4c86f8c4b13c235f88b7ddebf5b17fd8197d,DELETE,regular-file,assets/ext/jquery-ui/tests/unit/autocomplete/remote_object_array_labels.txt,106,
d55252b98aed80830c7246eac2de0d1c404d6b0a,DELETE,regular-file,assets/ext/jquery-ui/tests/unit/autocomplete/remote_object_array_values.txt,106,
76134f302b8cd0820f5672116452153ee49b3ba7,DELETE,regular-file,assets/ext/jquery-ui/tests/unit/autocomplete/remote_string_array.txt,36,
c370837b8aab8f8344754769c1ccf2dfebea1dfa,DELETE,regular-file,assets/ext/jquery-ui/tests/unit/button/all.html,638,
6cf27fb33eac6f71665b8a3be41a4980a3c1585d,DELETE,regular-file,assets/ext/jquery-ui/tests/unit/button/button.html,763,
0f03bdba271d8afc3c0d04eef4969be7b639a499,DELETE,regular-file,assets/ext/jquery-ui/tests/unit/button/common-deprecated.js,372,
91ce1cff9814f33b15af18146b5ef6612d578b20,DELETE,regular-file,assets/ext/jquery-ui/tests/unit/button/common.js,305,
13bc94e3386c54e99bae8a4b765b572313105828,DELETE,regular-file,assets/ext/jquery-ui/tests/unit/button/core.js,591,
73f62921ce058eb17e87ccfbc82abd4cc0e2fac9,DELETE,regular-file,assets/ext/jquery-ui/tests/unit/button/deprecated.html,2629,
81a0281b707df7deab25db091cd9a171c741d40e,DELETE,regular-file,assets/ext/jquery-ui/tests/unit/button/deprecated.js,6630,
e8b5e01d6ba220fee4cb364ebc06c8092df55e77,DELETE,regular-file,assets/ext/jquery-ui/tests/unit/button/events.js,534,
823acee3456b7d2bb124f686c1dd4fd7ba33e764,DELETE,regular-file,assets/ext/jquery-ui/tests/unit/button/methods.js,1077,
7d6547ff1f4ea900e409e18c52503824c6f35141,DELETE,regular-file,assets/ext/jquery-ui/tests/unit/button/options.js,7302,
71a65d9ee81f8c3d23b95b9630f9e2dab549add0,DELETE,regular-file,assets/ext/jquery-ui/tests/unit/checkboxradio/all.html,652,
9883e0834030befa5add1630669384125da47c2e,DELETE,regular-file,assets/ext/jquery-ui/tests/unit/checkboxradio/checkboxradio.html,3459,
48c348a3e23ba2c9c6c8c96d8be262059a339a22,DELETE,regular-file,assets/ext/jquery-ui/tests/unit/checkboxradio/common.js,354,
fe2774d02b11e3641f1eabcebfc010f1f49f0848,DELETE,regular-file,assets/ext/jquery-ui/tests/unit/checkboxradio/core.js,4272,
9e391897f7d9f4c63c29d21c4537c9cf29bb704b,DELETE,regular-file,assets/ext/jquery-ui/tests/unit/checkboxradio/events.js,1160,
673c93766adc9420bb0f2aca52228281370df2cf,DELETE,regular-file,assets/ext/jquery-ui/tests/unit/checkboxradio/methods.js,2988,
7fe6a0710946738796810f0e0493a3b715639f70,DELETE,regular-file,assets/ext/jquery-ui/tests/unit/checkboxradio/options.js,6542,
737144acdde3f93684bd11779b84201085215862,DELETE,regular-file,assets/ext/jquery-ui/tests/unit/controlgroup/all.html,651,
f04a018a8afe3385067b8cdc62478d41bb09a64a,DELETE,regular-file,assets/ext/jquery-ui/tests/unit/controlgroup/common.js,632,
db1d47808f70628f12c91fa2062d3c709260f4ec,DELETE,regular-file,assets/ext/jquery-ui/tests/unit/controlgroup/controlgroup.html,2446,
789eefc90abfacca52e4f89adf2ab0df7930a466,DELETE,regular-file,assets/ext/jquery-ui/tests/unit/controlgroup/core.js,7557,
09271d39f280c858acb86b6fed85faf0196512b3,DELETE,regular-file,assets/ext/jquery-ui/tests/unit/controlgroup/methods.js,5566,
db9a29a2d3572280cc02942b37ebd009470fda76,DELETE,regular-file,assets/ext/jquery-ui/tests/unit/controlgroup/options.js,3445,
c7834b81a36337f75b7b5075d545e0a410ba3bf3,DELETE,regular-file,assets/ext/jquery-ui/tests/unit/core/all.html,634,
31a5bb579d5e4c8effb1082f4b18c84440594b84,DELETE,regular-file,assets/ext/jquery-ui/tests/unit/core/core.html,6726,
9d00d61b65f6f882872019dbfb0e82c9fd67a917,DELETE,regular-file,assets/ext/jquery-ui/tests/unit/core/core.js,5898,
29b8b129680f7222285853e3116b946375e6956d,DELETE,regular-file,assets/ext/jquery-ui/tests/unit/core/selector.js,12522,
d2299a0f544a9ce691f2e99133a664f542537b66,DELETE,regular-file,assets/ext/jquery-ui/tests/unit/datepicker/all.html,646,
1eecc85cb501591086b7976e04fd5e62e966a3cc,DELETE,regular-file,assets/ext/jquery-ui/tests/unit/datepicker/common.js,91,
943a188b87903ff5a4f2dbe1ea7cfec12a5957ba,DELETE,regular-file,assets/ext/jquery-ui/tests/unit/datepicker/core.js,25842,
26d8de3e0f8191d236e96e6b91ea8f6abe5b9eda,DELETE,regular-file,assets/ext/jquery-ui/tests/unit/datepicker/datepicker.html,537,
941822ef886924ef68ce4bb16a57e39ade0a06f8,DELETE,regular-file,assets/ext/jquery-ui/tests/unit/datepicker/events.js,6960,
7fd149bf156aa8c6ba953d817ef0488a4e138023,DELETE,regular-file,assets/ext/jquery-ui/tests/unit/datepicker/helper.js,1059,
52f2863c90764cabb11ac926b3f7e02b9b9e5e49,DELETE,regular-file,assets/ext/jquery-ui/tests/unit/datepicker/images/calendar.gif,258,
4fc0c84ec74351aa2a70a136e7ad2af80b62f269,DELETE,regular-file,assets/ext/jquery-ui/tests/unit/datepicker/methods.js,7377,
821852ed4a7a9ad451e0280daa069d9c7b7fc48b,DELETE,regular-file,assets/ext/jquery-ui/tests/unit/datepicker/options.js,57993,
009b4a38ddaf6998686d5b5ff2ce0c99461361bd,DELETE,regular-file,assets/ext/jquery-ui/tests/unit/dialog/all.html,638,
1efdcb030183aec9dd05c3e7883aad6e1e4fba8d,DELETE,regular-file,assets/ext/jquery-ui/tests/unit/dialog/common-deprecated.js,906,
c8d885ad03f13ef8101d133975666513bd990e73,DELETE,regular-file,assets/ext/jquery-ui/tests/unit/dialog/common.js,887,
3b89a66388eecb19519048366d2112660c96e03c,DELETE,regular-file,assets/ext/jquery-ui/tests/unit/dialog/core.js,10089,
50bab180ddf9769c2cdbc2436d34f2a164fa9771,DELETE,regular-file,assets/ext/jquery-ui/tests/unit/dialog/deprecated.html,1176,
973a90893a1f9e47f08090441e5a47e3605b5c99,DELETE,regular-file,assets/ext/jquery-ui/tests/unit/dialog/deprecated.js,1951,
bdba5e11cb62f06488fa917b18839e95601270e1,DELETE,regular-file,assets/ext/jquery-ui/tests/unit/dialog/dialog.html,1180,
a5030a9f4f45c70990750757b0047c3b73ae608a,DELETE,regular-file,assets/ext/jquery-ui/tests/unit/dialog/events.js,13766,
ac013ecfc6a905989a6d77b56535fc323c9d79d5,DELETE,regular-file,assets/ext/jquery-ui/tests/unit/dialog/helper.js,1685,
a3e63ce7ad0806c95623e1e6d956fc39c6d01e94,DELETE,regular-file,assets/ext/jquery-ui/tests/unit/dialog/methods.js,9991,
1be2888e3402a720fc8add41b4c7d815b061beb6,DELETE,regular-file,assets/ext/jquery-ui/tests/unit/dialog/options.js,20791,
9bdc0d8811cc074fdddcda671034e41e4a6089ff,DELETE,regular-file,assets/ext/jquery-ui/tests/unit/draggable/all.html,644,
b2a46c7a7389ecccc3c7de800c11752523aa8a10,DELETE,regular-file,assets/ext/jquery-ui/tests/unit/draggable/common.js,874,
1dd6f572a989313cae9251c7053feab25119ee6a,DELETE,regular-file,assets/ext/jquery-ui/tests/unit/draggable/core.js,14189,
53468a3a99885b3e7197fcaea18151a4c86f7084,DELETE,regular-file,assets/ext/jquery-ui/tests/unit/draggable/draggable.html,2301,
f8c4a655122e6fde28c8176fa8295fcf5f1861f8,DELETE,regular-file,assets/ext/jquery-ui/tests/unit/draggable/events.js,3505,
de5dc4a6b36a3f88305fd9e32e5fcb34583c3776,DELETE,regular-file,assets/ext/jquery-ui/tests/unit/draggable/helper.js,4659,
8e95dac30ed1296fa84fcb03d6de684cbb93a8ac,DELETE,regular-file,assets/ext/jquery-ui/tests/unit/draggable/methods.js,3646,
656df621f0f3927d73c4d6d7a0cfecb8bc3de30a,DELETE,regular-file,assets/ext/jquery-ui/tests/unit/draggable/options.js,45581,
4934e13d1e97c5370542493315651842b7c58b67,DELETE,regular-file,assets/ext/jquery-ui/tests/unit/droppable/all.html,644,
fc086757f3584eed9058a8158f047d5039f65cfa,DELETE,regular-file,assets/ext/jquery-ui/tests/unit/droppable/common-deprecated.js,420,
d4bdb9dc02ca8951fc696dfaee241d7fbe133bc2,DELETE,regular-file,assets/ext/jquery-ui/tests/unit/droppable/common.js,377,
3d41e5db8380eb8ee7725be135e14d6dc130c752,DELETE,regular-file,assets/ext/jquery-ui/tests/unit/droppable/core.js,785,
45bf1f460e67e14297acc4642904321db64cf9c4,DELETE,regular-file,assets/ext/jquery-ui/tests/unit/droppable/deprecated.html,696,
3931f5f06c81d8f71767bef5ceea328699761d39,DELETE,regular-file,assets/ext/jquery-ui/tests/unit/droppable/deprecated.js,25,
5c3ec3dd90a546e0a0f47177ac874ca4c7fa80fb,DELETE,regular-file,assets/ext/jquery-ui/tests/unit/droppable/droppable.html,702,
8ccd7c87c9df243cca1506a83708f7253238e4e2,DELETE,regular-file,assets/ext/jquery-ui/tests/unit/droppable/events.js,1550,
f6bf9e411d80497b3f6c187b70d5e058d9c05398,DELETE,regular-file,assets/ext/jquery-ui/tests/unit/droppable/helper.js,405,
433615d1657a6f5a4010eab2af739577f1cde962,DELETE,regular-file,assets/ext/jquery-ui/tests/unit/droppable/methods.js,3213,
1c164495b97b33f8794fee3668c294d233f7745d,DELETE,regular-file,assets/ext/jquery-ui/tests/unit/droppable/options.js,5538,
b043b62236882b1091a7f7cb3f67e6d96b153172,DELETE,regular-file,assets/ext/jquery-ui/tests/unit/effects/all.html,640,
9863cd8ca81a38053e757b76d9b4316d7bf9a0cd,DELETE,regular-file,assets/ext/jquery-ui/tests/unit/effects/core.js,12044,
b9ea802d062eeea7adbb6f9cae370c76d1390eef,DELETE,regular-file,assets/ext/jquery-ui/tests/unit/effects/effects.html,1660,
44a59234b802b8f797b18bfc45142e8bd2d1c975,DELETE,regular-file,assets/ext/jquery-ui/tests/unit/effects/scale.js,1950,
9acf969e32552e30c13a041318d02b6550efaea9,DELETE,regular-file,assets/ext/jquery-ui/tests/unit/form-reset-mixin/all.html,658,
643f3912bf4413ae0bba855984a21cb175df12ec,DELETE,regular-file,assets/ext/jquery-ui/tests/unit/form-reset-mixin/core.js,2342,
a20e25d4a1346c2319ec5387e65154a8e5afc411,DELETE,regular-file,assets/ext/jquery-ui/tests/unit/form-reset-mixin/form-reset-mixin.html,493,
091e39c4185328f5f0c673d6bdbba74ec431c0de,DELETE,regular-file,assets/ext/jquery-ui/tests/unit/index.html,2065,
b8f7b3f37ff4dae1e38898dfbf1da742e604745b,DELETE,regular-file,assets/ext/jquery-ui/tests/unit/menu/all.html,634,
96815c6b27f4c3e9d76ab4681d97947f0d3caab7,DELETE,regular-file,assets/ext/jquery-ui/tests/unit/menu/common.js,387,
6742aa53e34b1e91597701c200a4543c780a66e7,DELETE,regular-file,assets/ext/jquery-ui/tests/unit/menu/core.js,3861,
a8ccb028214154f1449ad6a7d938a2390c37aee6,DELETE,regular-file,assets/ext/jquery-ui/tests/unit/menu/events.js,25787,
4456639857cab91e1890818de956885cf4090a25,DELETE,regular-file,assets/ext/jquery-ui/tests/unit/menu/helper.js,561,
2d871a4b32795431b5ff8fac3f65b5e50db148ae,DELETE,regular-file,assets/ext/jquery-ui/tests/unit/menu/menu.html,9423,
48eaa33cd441c3087e9fbe9661a2d4be40547480,DELETE,regular-file,assets/ext/jquery-ui/tests/unit/menu/methods.js,3442,
8479b719c3707f0a81ca6d1bea13abd04b3278dd,DELETE,regular-file,assets/ext/jquery-ui/tests/unit/menu/options.js,3750,
82e5cd9bc2fb94818739fb431e5707963bd62f20,DELETE,regular-file,assets/ext/jquery-ui/tests/unit/position/all.html,642,
42615a78752e0e1905e70c569f19401218573d56,DELETE,regular-file,assets/ext/jquery-ui/tests/unit/position/core.js,15731,
a8c9fceea46457461c85f09ee9ef8d12d2c6c510,DELETE,regular-file,assets/ext/jquery-ui/tests/unit/position/position.html,1652,
b20bdd27e085342192f72d12f33f9b7af701e338,DELETE,regular-file,assets/ext/jquery-ui/tests/unit/progressbar/all.html,648,
601454d78e012c87c0ff789c843f8e65b10f9535,DELETE,regular-file,assets/ext/jquery-ui/tests/unit/progressbar/common.js,395,
b25032a407f52eea86a3259c2504a40113ed0f19,DELETE,regular-file,assets/ext/jquery-ui/tests/unit/progressbar/core.js,2644,
be43378a766d0f87ea95cae051d30762d3ee9352,DELETE,regular-file,assets/ext/jquery-ui/tests/unit/progressbar/events.js,1569,
51554937275d4a529351c68cb0f3b1faa0f36d11,DELETE,regular-file,assets/ext/jquery-ui/tests/unit/progressbar/methods.js,1416,
7ad4c2603d4993d6c62b003641ca0472a68a86e7,DELETE,regular-file,assets/ext/jquery-ui/tests/unit/progressbar/options.js,2308,
18a5195bc17be7306eea49a8235f1a2c9325c6cb,DELETE,regular-file,assets/ext/jquery-ui/tests/unit/progressbar/progressbar.html,444,
486f266963f645e2c7faab8d03a23374f1cb8337,DELETE,regular-file,assets/ext/jquery-ui/tests/unit/resizable/all.html,644,
8d98096a442afe497cf506eecb391fa4b8baa97f,DELETE,regular-file,assets/ext/jquery-ui/tests/unit/resizable/common.js,698,
8c58405e3e9e148e421d41a181b51a4e039234fb,DELETE,regular-file,assets/ext/jquery-ui/tests/unit/resizable/core.js,8126,
4e396872612d0fce5babf08e84523197c2e48e7d,DELETE,regular-file,assets/ext/jquery-ui/tests/unit/resizable/events.js,6372,
2b8c2b46da9fffd29134ff59afed2b5b721a89cf,DELETE,regular-file,assets/ext/jquery-ui/tests/unit/resizable/helper.js,394,
0175b13b88ec340ccff515170e51d40feac8149a,DELETE,regular-file,assets/ext/jquery-ui/tests/unit/resizable/images/test.jpg,391,
7ee49eee69e93b17bda458f980d8bba99f2a445a,DELETE,regular-file,assets/ext/jquery-ui/tests/unit/resizable/methods.js,728,
03c40ff9898bcc559ea3060ce1c2aaf20a4e40c3,DELETE,regular-file,assets/ext/jquery-ui/tests/unit/resizable/options.js,18041,
e3550f31fe65c06534e2e88cb33b03ed919e7192,DELETE,regular-file,assets/ext/jquery-ui/tests/unit/resizable/resizable.html,1138,
6f5cc5760a341be8d9051fb336656bef0cbac2be,DELETE,regular-file,assets/ext/jquery-ui/tests/unit/selectable/all.html,646,
70b94bbb99e90eaaa4a5512a66178d4f4bcd28d5,DELETE,regular-file,assets/ext/jquery-ui/tests/unit/selectable/common.js,467,
c3ace5370042c4df50fad67ba72d504be93bcf67,DELETE,regular-file,assets/ext/jquery-ui/tests/unit/selectable/core.js,29,
7f8e2baee8ac93315092d938edd43de1b959e611,DELETE,regular-file,assets/ext/jquery-ui/tests/unit/selectable/events.js,1456,
c56c228bcd018cef7bfc2e4b865453eb9e451377,DELETE,regular-file,assets/ext/jquery-ui/tests/unit/selectable/methods.js,2939,
58d4b6eb57331dcba3a08605fbefe8e117fdd8ab,DELETE,regular-file,assets/ext/jquery-ui/tests/unit/selectable/options.js,1341,
9cee000c0c9b51661eecf3f5b6da9f8d5c1cfca9,DELETE,regular-file,assets/ext/jquery-ui/tests/unit/selectable/selectable.html,541,
d4e339f96b7ffe3f30282e623cdf801710b7cdac,DELETE,regular-file,assets/ext/jquery-ui/tests/unit/selectmenu/all.html,646,
97a47f2a688b62bfb0927a88ffc54abebaa9f630,DELETE,regular-file,assets/ext/jquery-ui/tests/unit/selectmenu/common.js,544,
a5bc68e0f83fdbdeea6a8ae39902b80706d21512,DELETE,regular-file,assets/ext/jquery-ui/tests/unit/selectmenu/core.js,12245,
4aed70ac80b64521e10a9aa9dc9af94c787c871d,DELETE,regular-file,assets/ext/jquery-ui/tests/unit/selectmenu/events.js,3692,
c25d01af5202fe95aec399a998f73d2590983602,DELETE,regular-file,assets/ext/jquery-ui/tests/unit/selectmenu/methods.js,6460,
193ea688e8838f837e7fcad585481f61b3a22045,DELETE,regular-file,assets/ext/jquery-ui/tests/unit/selectmenu/options.js,3952,
be8b826c8a8934c2163ea90b922e9822868beab2,DELETE,regular-file,assets/ext/jquery-ui/tests/unit/selectmenu/selectmenu.html,1969,
17d375ab4a9b5623bdce76533555a12828acb04a,DELETE,regular-file,assets/ext/jquery-ui/tests/unit/slider/all.html,638,
df53cda4ff3ded000c139f52bd1cf669671d2316,DELETE,regular-file,assets/ext/jquery-ui/tests/unit/slider/common.js,589,
8031367f0ba9521ce01392d9d2b4b4d0d3108126,DELETE,regular-file,assets/ext/jquery-ui/tests/unit/slider/core.js,8229,
d0459db64a46c70152c716526b3d6d3ff8f18b35,DELETE,regular-file,assets/ext/jquery-ui/tests/unit/slider/events.js,6884,
ea058cef22b7d61174b474fc9b8dd85572ac5300,DELETE,regular-file,assets/ext/jquery-ui/tests/unit/slider/methods.js,5581,
d1eb2b374d67087cb1eee44bd1621e2fe61dca97,DELETE,regular-file,assets/ext/jquery-ui/tests/unit/slider/options.js,12405,
2afbeafdefd13aaf596a9530bf7a90894e5dd639,DELETE,regular-file,assets/ext/jquery-ui/tests/unit/slider/slider.html,694,
cb08860bc28a47921f1ba37f5671ff25670c1c5e,DELETE,regular-file,assets/ext/jquery-ui/tests/unit/sortable/all.html,642,
dd22c04331f1ad2edd785d7f535b2df618afba96,DELETE,regular-file,assets/ext/jquery-ui/tests/unit/sortable/common.js,916,
2bb11edbe2c65b28c5fb214134b3e246de3ca666,DELETE,regular-file,assets/ext/jquery-ui/tests/unit/sortable/core.js,1384,
4973abef0bd8149cf74462e19ddcaef31b2fd3f6,DELETE,regular-file,assets/ext/jquery-ui/tests/unit/sortable/events.js,10601,
61de63ae97ce527932770aab30294fb73e72ed47,DELETE,regular-file,assets/ext/jquery-ui/tests/unit/sortable/helper.js,301,
b52d641ed256edc2525b8961667c3ec720fbb301,DELETE,regular-file,assets/ext/jquery-ui/tests/unit/sortable/methods.js,3979,
fa0c487b720c06c978dce1eac7fea7aaf57c1d51,DELETE,regular-file,assets/ext/jquery-ui/tests/unit/sortable/options.js,13633,
8bfbd337088b25d037e4977db2c3059a054fbc25,DELETE,regular-file,assets/ext/jquery-ui/tests/unit/sortable/sortable.html,1827,
2c64e1dceb148684a0e3f2fe639d36064f9a92a2,DELETE,regular-file,assets/ext/jquery-ui/tests/unit/spinner/all.html,640,
9ffc473af2caf6beb1182b6e1f3822db1bc25500,DELETE,regular-file,assets/ext/jquery-ui/tests/unit/spinner/common-deprecated.js,553,
9ffc473af2caf6beb1182b6e1f3822db1bc25500,DELETE,regular-file,assets/ext/jquery-ui/tests/unit/spinner/common.js,553,
6d817134ae1803b7653fbd8756055a96ed0fa95c,DELETE,regular-file,assets/ext/jquery-ui/tests/unit/spinner/core.js,8554,
a6c249a17f7bb2f6b8bd73f6377386c2d19dc23b,DELETE,regular-file,assets/ext/jquery-ui/tests/unit/spinner/deprecated.html,492,
baa36acf34001bf15b14728b0e246a371b15ae20,DELETE,regular-file,assets/ext/jquery-ui/tests/unit/spinner/deprecated.js,1045,
9c69470ab3c936d1d5e29c72775ecaba88128d19,DELETE,regular-file,assets/ext/jquery-ui/tests/unit/spinner/events.js,7895,
ab99dcd8e3b7e1476703b5698c6d639eb9c1fd50,DELETE,regular-file,assets/ext/jquery-ui/tests/unit/spinner/helper.js,319,
a7af2956db3e6b47a29cc20b0926a58fcbf7372d,DELETE,regular-file,assets/ext/jquery-ui/tests/unit/spinner/methods.js,6513,
381e1b7fad633ba069ad314530fef8c129d18c7e,DELETE,regular-file,assets/ext/jquery-ui/tests/unit/spinner/options.js,8024,
ff38f16a8b01f8b69987ed7bb2784d9c132d2ed0,DELETE,regular-file,assets/ext/jquery-ui/tests/unit/spinner/spinner.html,469,
0880c6fcd5c6a3e270dfce49f1608f06de08b5c1,DELETE,regular-file,assets/ext/jquery-ui/tests/unit/subsuite.js,763,
25f7bf3fdb4cb02d8eeb081cbac2ffaca903a05e,DELETE,regular-file,assets/ext/jquery-ui/tests/unit/tabs/all.html,634,
dd2b738151299cd1714d1fdd14fcd5a3a3692306,DELETE,regular-file,assets/ext/jquery-ui/tests/unit/tabs/common.js,519,
f367b098e180c44951a68c379abaa711b95c74e4,DELETE,regular-file,assets/ext/jquery-ui/tests/unit/tabs/core.js,38116,
cd59e6415b7a9866986afd0b2d9f98f515b8c775,DELETE,regular-file,assets/ext/jquery-ui/tests/unit/tabs/data/test.html,38,
757e2bada0f3cecd5eaf3baa9fff05241a926dfb,DELETE,regular-file,assets/ext/jquery-ui/tests/unit/tabs/events.js,11779,
b3fb1d6fd42865334e13acb49f50a55c6002a4b4,DELETE,regular-file,assets/ext/jquery-ui/tests/unit/tabs/helper.js,2079,
138f84fca611b9d87f49dd2193fe5839646d2b96,DELETE,regular-file,assets/ext/jquery-ui/tests/unit/tabs/methods.js,9292,
3735038434d71c58ea7a1e712dbfb17b873d4ea6,DELETE,regular-file,assets/ext/jquery-ui/tests/unit/tabs/options.js,11561,
cb4e5389f625eb7c38e69198d058c530ff9e884f,DELETE,regular-file,assets/ext/jquery-ui/tests/unit/tabs/tabs.html,2601,
e87a76203177b039bfa09f0a01a0559dfdc2c116,DELETE,regular-file,assets/ext/jquery-ui/tests/unit/tooltip/all.html,640,
2a543733579bf8edb61a5275411822778d237b75,DELETE,regular-file,assets/ext/jquery-ui/tests/unit/tooltip/common-deprecated.js,498,
73797fe497de134a3285e82fbe0ec0dadbecee32,DELETE,regular-file,assets/ext/jquery-ui/tests/unit/tooltip/common.js,476,
2de37097af1a91feda6288ce0477703ee29bcb25,DELETE,regular-file,assets/ext/jquery-ui/tests/unit/tooltip/core.js,7110,
f2d04f3d13ea0798e0deb617fb129b5b725e1503,DELETE,regular-file,assets/ext/jquery-ui/tests/unit/tooltip/deprecated.html,873,
bce1a6c6ab54d6eaa677224393d3a73762d06d75,DELETE,regular-file,assets/ext/jquery-ui/tests/unit/tooltip/deprecated.js,382,
3fbb683a5885f5f328e042cd02149e472c59429f,DELETE,regular-file,assets/ext/jquery-ui/tests/unit/tooltip/events.js,1654,
6e0af2eb4b8e88fb0b3f475b15320fb2e06bfb35,DELETE,regular-file,assets/ext/jquery-ui/tests/unit/tooltip/methods.js,5115,
4354d89b3c92c452d94408a298d6e4c4416fa195,DELETE,regular-file,assets/ext/jquery-ui/tests/unit/tooltip/options.js,6370,
b5561d926105c906c42e176f361265d9563863d1,DELETE,regular-file,assets/ext/jquery-ui/tests/unit/tooltip/tooltip.html,877,
7ef570bd1924c7b58fc5d03a9f60b49cede8aefd,DELETE,regular-file,assets/ext/jquery-ui/tests/unit/widget/all.html,638,
bbd3ca854a10e301c1213412d92161e7f337f22c,DELETE,regular-file,assets/ext/jquery-ui/tests/unit/widget/animation.js,5739,
28f61f272e6652aad06c6b5831fb0455b2a9df45,DELETE,regular-file,assets/ext/jquery-ui/tests/unit/widget/classes.js,7177,
d6bb3efb813e9053bfe5138f666e1f7c2f456249,DELETE,regular-file,assets/ext/jquery-ui/tests/unit/widget/core.js,46884,
36575200b61deba9b908a0d57950c14a7719f779,DELETE,regular-file,assets/ext/jquery-ui/tests/unit/widget/extend.js,5362,
3dea2ed6920ad9b8a8434d63332f4714d730e042,DELETE,regular-file,assets/ext/jquery-ui/tests/unit/widget/widget.html,496,
b0ae18c65b2eea3dbeb953f23235170fde8b6f6f,DELETE,regular-file,assets/ext/jquery-ui/tests/visual/accordion/icons.html,2120,
c939dce919df21bda69873027bafbc717ef17da3,DELETE,regular-file,assets/ext/jquery-ui/tests/visual/addClass/queue.html,1099,
a472c9df2fd084a85b4e8472d2b17255e70c0be3,DELETE,regular-file,assets/ext/jquery-ui/tests/visual/checkboxradio/checkboxradio.html,2195,
3f2f93712ab7e33c27bddcd3433424dec69f77b9,DELETE,regular-file,assets/ext/jquery-ui/tests/visual/compound/accordion_tabs.html,1971,
ba1a1de7e0bcda362e9fd5e68390c269d2cb2a4c,DELETE,regular-file,assets/ext/jquery-ui/tests/visual/compound/datepicker_dialog.html,550,
f84ef01234a84bbda6a738f515283546db1e0286,DELETE,regular-file,assets/ext/jquery-ui/tests/visual/compound/dialog_widgets.html,2790,
345c0b038db17820573bb40abf611d0d866d6541,DELETE,regular-file,assets/ext/jquery-ui/tests/visual/compound/draggable_accordion.html,1720,
bfc5f81e66f3f3fa02c66840f79cf9699d096497,DELETE,regular-file,assets/ext/jquery-ui/tests/visual/compound/draggable_accordion_accordion_tabs_draggable.html,2711,
539091b7f4ac0bf4df85a68824198c0691f28f33,DELETE,regular-file,assets/ext/jquery-ui/tests/visual/compound/draggable_resizable.html,1302,
9ccc36751d8fe4c19d1387f22f2d8784c1959765,DELETE,regular-file,assets/ext/jquery-ui/tests/visual/compound/sortable_accordion_sortable_tabs.html,2469,
ddd72c75fdcaf73f2ac8a671f41da117469110b2,DELETE,regular-file,assets/ext/jquery-ui/tests/visual/compound/tabs_selectmenu.html,1010,
54c2d48a1bd38dd8d2abb7de2ef6c06d22af1cca,DELETE,regular-file,assets/ext/jquery-ui/tests/visual/compound/tabs_tabs.html,1565,
8ee625e1e34937911bd202948cbebbb855a6a02f,DELETE,regular-file,assets/ext/jquery-ui/tests/visual/compound/tabs_tooltips.html,796,
2fd1d04a6dfc90477cfd79aeb8c508d3bcbcee71,DELETE,regular-file,assets/ext/jquery-ui/tests/visual/dialog/animated.html,1094,
0bea3414e1be77a27ef5998d91660875387494ae,DELETE,regular-file,assets/ext/jquery-ui/tests/visual/dialog/complex-dialogs.html,3067,
b1cdaa54a96a622ab5f2a51e7e571925f007ee45,DELETE,regular-file,assets/ext/jquery-ui/tests/visual/dialog/form.html,2372,
45ef909417587198ee33980c99221605b7fe4784,DELETE,regular-file,assets/ext/jquery-ui/tests/visual/dialog/performance.html,1987,
e2e23e58a49de98b42a754da16cb8c89e97bc4bb,DELETE,regular-file,assets/ext/jquery-ui/tests/visual/dialog/stacking.html,1260,
38931f34576377c7c7f6e3d32bc217b0d72faa64,DELETE,regular-file,assets/ext/jquery-ui/tests/visual/draggable/replaced.html,701,
e3fa3ee487f577ddc2c26b24a0b7e276f360d2a4,DELETE,regular-file,assets/ext/jquery-ui/tests/visual/effects/all.html,2943,
c20e6506a3a6c348659c31e7e2497e3ce3f65631,DELETE,regular-file,assets/ext/jquery-ui/tests/visual/effects/clip.html,5737,
8e9ee0ffdeacd49386352e68033fa251ff51fc54,DELETE,regular-file,assets/ext/jquery-ui/tests/visual/effects/effects.css,626,
6d36a55ead322d9cf0ce89e4a5bbc71a2395f573,DELETE,regular-file,assets/ext/jquery-ui/tests/visual/effects/effects.js,2870,
030f1bc26847ed0511d18387c7df08c91eab1bd9,DELETE,regular-file,assets/ext/jquery-ui/tests/visual/effects/image.png,3866,
b032ac896f4a4eb8c59faa80043f8e342f3e5823,DELETE,regular-file,assets/ext/jquery-ui/tests/visual/effects/scale.html,3641,
c93f0eb5733d6fd325f8a7b2bbdbe40b4d3a523d,DELETE,regular-file,assets/ext/jquery-ui/tests/visual/effects/shake.html,2504,
f848cfa1a353bd27b2401b69e15442722d38b139,DELETE,regular-file,assets/ext/jquery-ui/tests/visual/index.html,2888,
9bbaa95e1f4731ed394c8123b5941c74c88e09ab,DELETE,regular-file,assets/ext/jquery-ui/tests/visual/menu/menu.html,8659,
d5c19fd32007464b29b4fb17277d0f60f307c68d,DELETE,regular-file,assets/ext/jquery-ui/tests/visual/position/position.html,3491,
f094b51485df665b798f59241b6aa80a3b53da80,DELETE,regular-file,assets/ext/jquery-ui/tests/visual/position/position_feedback.html,3296,
693885d25067072832fa232dcd873889622d4552,DELETE,regular-file,assets/ext/jquery-ui/tests/visual/selectmenu/selectmenu.html,8668,
64152a9ff3d40f30e73edea741801cb95b3e1918,DELETE,regular-file,assets/ext/jquery-ui/tests/visual/slider/range_slider.html,1017,
2feabeab1498fa86c499c5a674321fdfcd35faf3,DELETE,regular-file,assets/ext/jquery-ui/tests/visual/tooltip/animations.html,1051,
9453190d727fab0a7edecd7b256d9ecd65ab4d57,DELETE,regular-file,assets/ext/jquery-ui/tests/visual/tooltip/tooltip.html,5722,
dffbdd2fcd93e3a0fb07323a9b8f0cd832e330cb,DELETE,regular-file,assets/ext/jquery-ui/tests/visual/visual.css,136,
baffce488b1fea0e112cfbb7d540f3cbc2324755,DELETE,regular-file,assets/ext/jquery-ui/themes/base/accordion.css,491,
b31adc80f1dfb41b50d5f3a61d349e5989a968e9,DELETE,regular-file,assets/ext/jquery-ui/themes/base/all.css,277,
7fcb2829ef4aedc9d1a6c6853918915b1cffe223,DELETE,regular-file,assets/ext/jquery-ui/themes/base/autocomplete.css,318,
3b33e9bc00106b5b3d19ef2c78a20fe5afbb78d8,DELETE,regular-file,assets/ext/jquery-ui/themes/base/base.css,793,
4a3a57d484cbd0c768274efccda2ab2942029b0a,DELETE,regular-file,assets/ext/jquery-ui/themes/base/button.css,1499,
a41125e23183fb9f8f9347b78dd639d557835a29,DELETE,regular-file,assets/ext/jquery-ui/themes/base/checkboxradio.css,791,
35e442e174bf2e6dfd139a698cf82329d523c0cb,DELETE,regular-file,assets/ext/jquery-ui/themes/base/controlgroup.css,1528,
2ff5d2da43337503fff59a445596c4a221a6b5e9,DELETE,regular-file,assets/ext/jquery-ui/themes/base/core.css,1576,
91da063a65bb39f20c71744078d6e9548c98ede6,DELETE,regular-file,assets/ext/jquery-ui/themes/base/datepicker.css,3790,
7146fe95364b515e2e35147ba14d7796c279ee60,DELETE,regular-file,assets/ext/jquery-ui/themes/base/dialog.css,1755,
f2000c45656ed97f1b4d9fa9f2a2ad0804fa4435,DELETE,regular-file,assets/ext/jquery-ui/themes/base/draggable.css,255,
a2e6bfc085f51b392569e58b72d454586b900f61,DELETE,regular-file,assets/ext/jquery-ui/themes/base/images/ui-bg_flat_0_aaaaaa_40x100.png,86,
92214389270e76aea5ff5e4b2f4a90c101e3602f,DELETE,regular-file,assets/ext/jquery-ui/themes/base/images/ui-icons_444444_256x240.png,3756,
4c37296071b0a0b21d099d70fcf9c616939bb788,DELETE,regular-file,assets/ext/jquery-ui/themes/base/images/ui-icons_555555_256x240.png,3756,
3b4ce6868a7c8a3ff50e8f77f309cf3994e6fcfb,DELETE,regular-file,assets/ext/jquery-ui/themes/base/images/ui-icons_777620_256x240.png,3756,
de6cf086bbfb5839ab4f538b5de7856d915f8404,DELETE,regular-file,assets/ext/jquery-ui/themes/base/images/ui-icons_777777_256x240.png,3756,
6c64c85e20801ddf6250d6f31fc48cfcb2130a47,DELETE,regular-file,assets/ext/jquery-ui/themes/base/images/ui-icons_cc0000_256x240.png,3756,
4ab379a1f772135922de4046a14c82679e6c4cbf,DELETE,regular-file,assets/ext/jquery-ui/themes/base/images/ui-icons_ffffff_256x240.png,3756,
0f01a0caed63a7bd014fbd3270b7e238908722a7,DELETE,regular-file,assets/ext/jquery-ui/themes/base/menu.css,1126,
ede7e1f92caed675ac93bfd917c345f26f75fdb0,DELETE,regular-file,assets/ext/jquery-ui/themes/base/progressbar.css,2948,
318c6ebddaf88dcce74016e217b4a094d35a3c61,DELETE,regular-file,assets/ext/jquery-ui/themes/base/resizable.css,1200,
f0790f47113c4a47b0c74bb88aa44f7ce0853042,DELETE,regular-file,assets/ext/jquery-ui/themes/base/selectable.css,339,
3299f9e4dbf456bb14f1a3a508956604bcd306cd,DELETE,regular-file,assets/ext/jquery-ui/themes/base/selectmenu.css,918,
cffdc96919db04f6b2f0782d305ca50142a54d47,DELETE,regular-file,assets/ext/jquery-ui/themes/base/slider.css,1361,
7931b451e549a80dd91567692bca7a43603fa213,DELETE,regular-file,assets/ext/jquery-ui/themes/base/sortable.css,253,
c3908106fa37d0d6da478881f91034ce6e8a1008,DELETE,regular-file,assets/ext/jquery-ui/themes/base/spinner.css,966,
06ae1a8b200a853e2dcaf7ce38ea67992ef435ac,DELETE,regular-file,assets/ext/jquery-ui/themes/base/tabs.css,1219,
d84cd190528e912f621e64918d44806819fcc2d9,DELETE,regular-file,assets/ext/jquery-ui/themes/base/theme.css,18015,
809b148a29ed04ba946c474833dc9c0feb373a0d,DELETE,regular-file,assets/ext/jquery-ui/themes/base/tooltip.css,357,
2cccd0bd8e951023c8ecfe6ebe47e8eeae07f64d,DELETE,regular-file,assets/ext/jquery-ui/ui/core.js,341,
d0417b8f95006f3e3963e455a3d55462e2d51843,DELETE,regular-file,assets/ext/jquery-ui/ui/data.js,905,
aa6df017392d20595513a4d1dd946eeef2991384,DELETE,regular-file,assets/ext/jquery-ui/ui/disable-selection.js,1052,
5b59817d52f1a83ef222493f26138f6db8a958b0,DELETE,regular-file,assets/ext/jquery-ui/ui/effect.js,40796,
76781f4c793593f089e1ecf8f9bcc4411e2a5726,DELETE,regular-file,assets/ext/jquery-ui/ui/effects/effect-blind.js,1612,
1743ef503984da9f9fbaa85567f39700992b9138,DELETE,regular-file,assets/ext/jquery-ui/ui/effects/effect-bounce.js,2628,
df3a1d644309a52230b2f6c76e8af556a8f81eec,DELETE,regular-file,assets/ext/jquery-ui/ui/effects/effect-clip.js,1545,
c7e3d7a6ebd4c09a137839b2659e738491795d4d,DELETE,regular-file,assets/ext/jquery-ui/ui/effects/effect-drop.js,1563,
d5aca490f38e317155d5da63c367752cedda1eb1,DELETE,regular-file,assets/ext/jquery-ui/ui/effects/effect-explode.js,2902,
1373ae8a7d1123d0ba13bd7928358b383e646c51,DELETE,regular-file,assets/ext/jquery-ui/ui/effects/effect-fade.js,936,
2214a1cf32401767526e37abdee252ce733ad457,DELETE,regular-file,assets/ext/jquery-ui/ui/effects/effect-fold.js,2153,
2ab5879395ecaa30ef76f92e29e4a7ffb3b2aaf1,DELETE,regular-file,assets/ext/jquery-ui/ui/effects/effect-highlight.js,1211,
bfe922f0cbe23c5718328568fa243bb014dbc19c,DELETE,regular-file,assets/ext/jquery-ui/ui/effects/effect-puff.js,963,
9fce19194cf7b7bd099243486ead4bbbd80ac758,DELETE,regular-file,assets/ext/jquery-ui/ui/effects/effect-pulsate.js,1535,
9379f88c7c8ac5117fed28ef4778e7cea50cac59,DELETE,regular-file,assets/ext/jquery-ui/ui/effects/effect-scale.js,1341,
596aa12ae4c773b01e9ddd1e8fda4e4be7d31710,DELETE,regular-file,assets/ext/jquery-ui/ui/effects/effect-shake.js,1852,
20af227771d7f5823f4757ae31c321d3cdf4faf6,DELETE,regular-file,assets/ext/jquery-ui/ui/effects/effect-size.js,5335,
3ba7a2edc968b7633f0f352777ac877c2ae655b3,DELETE,regular-file,assets/ext/jquery-ui/ui/effects/effect-slide.js,1935,
0029de7a5167d989c42ddba4e35901ff23b8093f,DELETE,regular-file,assets/ext/jquery-ui/ui/effects/effect-transfer.js,856,
d43e4f816686da222193b201a1cccc72b8dca147,DELETE,regular-file,assets/ext/jquery-ui/ui/escape-selector.js,475,
cf4f728b8abe6d34fb649cf2dc015c38b6646d2e,DELETE,regular-file,assets/ext/jquery-ui/ui/focusable.js,2266,
a14c82ee664c566fb007e31a1ee1c394299e2831,DELETE,regular-file,assets/ext/jquery-ui/ui/form-reset-mixin.js,1798,
cfb4bd280df046f6602d73c88b41d473fc12f9f1,DELETE,regular-file,assets/ext/jquery-ui/ui/form.js,551,
c756888846b0a70da6f901efec9fb5e6a062bd31,DELETE,regular-file,assets/ext/jquery-ui/ui/i18n/datepicker-af.js,1161,
a2b1750b665b137174d717c4a62d8cbadd3a8646,DELETE,regular-file,assets/ext/jquery-ui/ui/i18n/datepicker-ar-DZ.js,1513,
95784e88cf6e3478474c1d6014da517d2b6461aa,DELETE,regular-file,assets/ext/jquery-ui/ui/i18n/datepicker-ar.js,1481,
2ebdcfa8b5723c8104dce70f8d3e7ab25009a75d,DELETE,regular-file,assets/ext/jquery-ui/ui/i18n/datepicker-az.js,1185,
7d96dd1da659d3ab2c18bc04f19526ff3bc38bcf,DELETE,regular-file,assets/ext/jquery-ui/ui/i18n/datepicker-be.js,1411,
cb066a4c9df9acb957036e564e117b7163e5effe,DELETE,regular-file,assets/ext/jquery-ui/ui/i18n/datepicker-bg.js,1388,
b9f2e286917ec775ac377dc83d1ed9ddd9af60a2,DELETE,regular-file,assets/ext/jquery-ui/ui/i18n/datepicker-bs.js,1109,
9febd90eef623b3de90469718d1564784fdbc4bd,DELETE,regular-file,assets/ext/jquery-ui/ui/i18n/datepicker-ca.js,1139,
c2f79cf9e41d974fcb09d4948f4dc147653206b1,DELETE,regular-file,assets/ext/jquery-ui/ui/i18n/datepicker-cs.js,1188,
14fce914c33ebf2ac0712c83a68e8182fed6fc75,DELETE,regular-file,assets/ext/jquery-ui/ui/i18n/datepicker-cy-GB.js,1202,
273f0e3ff6ecd787a7c544bcbd1fcf59013059f1,DELETE,regular-file,assets/ext/jquery-ui/ui/i18n/datepicker-da.js,1155,
a67790844a9ddffb43481be2897f6bb788fbce81,DELETE,regular-file,assets/ext/jquery-ui/ui/i18n/datepicker-de.js,1146,
f08d6f27d4296d5e76782dd46f6b6aa11013878c,DELETE,regular-file,assets/ext/jquery-ui/ui/i18n/datepicker-el.js,1453,
f15277c37bc553f423d7487cc5fa7ab05aa2f0b5,DELETE,regular-file,assets/ext/jquery-ui/ui/i18n/datepicker-en-AU.js,1180,
c961c18659e7bc0ca418c058a1ee519da835287c,DELETE,regular-file,assets/ext/jquery-ui/ui/i18n/datepicker-en-GB.js,1157,
70463622541aaae0463e4ec50aa2a2f8fd173fc0,DELETE,regular-file,assets/ext/jquery-ui/ui/i18n/datepicker-en-NZ.js,1182,
25f6162b5cd6a081e8dd911eda5b8f39fb34aa5d,DELETE,regular-file,assets/ext/jquery-ui/ui/i18n/datepicker-eo.js,1158,
ea7116e0bfd62b61c4b8ac968c291e4b470790b6,DELETE,regular-file,assets/ext/jquery-ui/ui/i18n/datepicker-es.js,1153,
b2e226ae54fab5754255d0bba58067d403c9b705,DELETE,regular-file,assets/ext/jquery-ui/ui/i18n/datepicker-et.js,1231,
8ea1ef9e584f105055f23c584c07435641e42b7f,DELETE,regular-file,assets/ext/jquery-ui/ui/i18n/datepicker-eu.js,1108,
71da4981d3db2e2e301658128b7f90de2b1cc457,DELETE,regular-file,assets/ext/jquery-ui/ui/i18n/datepicker-fa.js,1391,
a8386ff626776d4e0a2fc3f796378d5f314885dd,DELETE,regular-file,assets/ext/jquery-ui/ui/i18n/datepicker-fi.js,1210,
6c24b8bff808eaaeedbbee15794fd15ba2e63c6c,DELETE,regular-file,assets/ext/jquery-ui/ui/i18n/datepicker-fo.js,1204,
b590277d4b0879f64fc291553d597bd730d99ada,DELETE,regular-file,assets/ext/jquery-ui/ui/i18n/datepicker-fr-CA.js,1191,
d2f0584d6a86e53d518744632b1b08aa931136bd,DELETE,regular-file,assets/ext/jquery-ui/ui/i18n/datepicker-fr-CH.js,1240,
9e39fbd68f56d4844cf758f0c78f1fff8b58e43e,DELETE,regular-file,assets/ext/jquery-ui/ui/i18n/datepicker-fr.js,1305,
2765230746e666bd71c0cf7164e44e53c44eeb7a,DELETE,regular-file,assets/ext/jquery-ui/ui/i18n/datepicker-gl.js,1155,
fb6238fdac7790a680ae627be09bb0da0a2741a5,DELETE,regular-file,assets/ext/jquery-ui/ui/i18n/datepicker-he.js,1269,
3b120972459d5d474b5c5262012c0ec9b4428a7f,DELETE,regular-file,assets/ext/jquery-ui/ui/i18n/datepicker-hi.js,1578,
5e218c12d8a1ea0210d8a3e5aadd7bae9e6e674a,DELETE,regular-file,assets/ext/jquery-ui/ui/i18n/datepicker-hr.js,1134,
22bbe7031e9e285c18535b4a72ae49dcdf84ee84,DELETE,regular-file,assets/ext/jquery-ui/ui/i18n/datepicker-hu.js,1157,
95638b31078d13f89047b015d688061d7336daa6,DELETE,regular-file,assets/ext/jquery-ui/ui/i18n/datepicker-hy.js,1439,
5aef348af85408e4fa8356a02247c8a21e598210,DELETE,regular-file,assets/ext/jquery-ui/ui/i18n/datepicker-id.js,1147,
b15f37ab06cd709ada93f7ec5490abf35c352cf2,DELETE,regular-file,assets/ext/jquery-ui/ui/i18n/datepicker-is.js,1232,
9895da4cc32150ba22ae6e232c2c2dbac397c77d,DELETE,regular-file,assets/ext/jquery-ui/ui/i18n/datepicker-it-CH.js,1201,
d67cb6c248a01501e7f2449b86dad8cccbec9497,DELETE,regular-file,assets/ext/jquery-ui/ui/i18n/datepicker-it.js,1177,
52b10583cabe1fe4bc7ea6dc09af1aa3df8452d2,DELETE,regular-file,assets/ext/jquery-ui/ui/i18n/datepicker-ja.js,1167,
1f596cb31867adbcfffc15969a4662475bd2f49e,DELETE,regular-file,assets/ext/jquery-ui/ui/i18n/datepicker-ka.js,1716,
fa0121f8c2a19322e05b9ed9fd23ca59c04f4c68,DELETE,regular-file,assets/ext/jquery-ui/ui/i18n/datepicker-kk.js,1382,
d8a4596bce76b289861f6591f3d61ef430f0c4ae,DELETE,regular-file,assets/ext/jquery-ui/ui/i18n/datepicker-km.js,1595,
8879a99509040916e2a017cf7b31b780913d21a2,DELETE,regular-file,assets/ext/jquery-ui/ui/i18n/datepicker-ko.js,1196,
f748bc60607208f6f3a250ad2cf1b7fd2aace852,DELETE,regular-file,assets/ext/jquery-ui/ui/i18n/datepicker-ky.js,1372,
02a9c51082bfe021a473a898677db25c79bf6885,DELETE,regular-file,assets/ext/jquery-ui/ui/i18n/datepicker-lb.js,1214,
a57fd9df00b74493ca36bf42f166deda15952d72,DELETE,regular-file,assets/ext/jquery-ui/ui/i18n/datepicker-lt.js,1247,
04556fbcf7003880976d2dfc981a2314772aa7b8,DELETE,regular-file,assets/ext/jquery-ui/ui/i18n/datepicker-lv.js,1228,
97864ab15165f635f857aaae750d811068c919c7,DELETE,regular-file,assets/ext/jquery-ui/ui/i18n/datepicker-mk.js,1322,
440e09e0346c24f30d9bb64573a2ac454b7dc0bb,DELETE,regular-file,assets/ext/jquery-ui/ui/i18n/datepicker-ml.js,1701,
58bc4f579e0aff07455ef70d2177e99d6b206639,DELETE,regular-file,assets/ext/jquery-ui/ui/i18n/datepicker-ms.js,1156,
eb1112bc50acfc3959933af5468ea1fd15fd0b69,DELETE,regular-file,assets/ext/jquery-ui/ui/i18n/datepicker-nb.js,1197,
9ea22002d684c47a74b7dfea78fb336fd215a452,DELETE,regular-file,assets/ext/jquery-ui/ui/i18n/datepicker-nl-BE.js,1201,
7fcbff1ac108848e7a0aea93e94095b5297226e3,DELETE,regular-file,assets/ext/jquery-ui/ui/i18n/datepicker-nl.js,1193,
bacd481a01b1151596b14bd253472028a09d060d,DELETE,regular-file,assets/ext/jquery-ui/ui/i18n/datepicker-nn.js,1194,
8a755aae9192bd4256ee68a1fa901be543055cae,DELETE,regular-file,assets/ext/jquery-ui/ui/i18n/datepicker-no.js,1189,
c2fddc13278c83c12af06d3bcd55a3bbc1eebdd2,DELETE,regular-file,assets/ext/jquery-ui/ui/i18n/datepicker-pl.js,1182,
aeae7ca4ec3d9f64967ee2e1b132c23d935c041b,DELETE,regular-file,assets/ext/jquery-ui/ui/i18n/datepicker-pt-BR.js,1249,
b1afd7b3d05bc902f35a7639ea519894ee5a60cf,DELETE,regular-file,assets/ext/jquery-ui/ui/i18n/datepicker-pt.js,1154,
89a5c77a118e1a7c15c2a312cb71da90540dac9a,DELETE,regular-file,assets/ext/jquery-ui/ui/i18n/datepicker-rm.js,1242,
b26665c2564be5381c9c674f5741d778e8e0caa7,DELETE,regular-file,assets/ext/jquery-ui/ui/i18n/datepicker-ro.js,1254,
223e77645e7f5fa1aa7d247b99c3aff69c1b1ece,DELETE,regular-file,assets/ext/jquery-ui/ui/i18n/datepicker-ru.js,1382,
16d8bdfe4e4d13c88debcacdc2808e825b3af723,DELETE,regular-file,assets/ext/jquery-ui/ui/i18n/datepicker-sk.js,1170,
6891624926a12324769db977576c99aef2b9a9ed,DELETE,regular-file,assets/ext/jquery-ui/ui/i18n/datepicker-sl.js,1208,
34fe66a59cdd425109d76ccb4e5f24c2ae27cda2,DELETE,regular-file,assets/ext/jquery-ui/ui/i18n/datepicker-sq.js,1152,
e9db26a42e2db47f0a1a47ab48c3bd6b9992ad57,DELETE,regular-file,assets/ext/jquery-ui/ui/i18n/datepicker-sr-SR.js,1131,
fa8827aa128b9d39afd8917d6ef2beaea7b02e31,DELETE,regular-file,assets/ext/jquery-ui/ui/i18n/datepicker-sr.js,1302,
92686efa4f76843edfae37bd89730c00905adf2a,DELETE,regular-file,assets/ext/jquery-ui/ui/i18n/datepicker-sv.js,1155,
722614dd06ca8d992b82017757ceb60000dd6279,DELETE,regular-file,assets/ext/jquery-ui/ui/i18n/datepicker-ta.js,1803,
6de48cf968156688bdc00d1d1baaa74374e9b7d9,DELETE,regular-file,assets/ext/jquery-ui/ui/i18n/datepicker-th.js,1539,
8ede4ddcb03f86ec2f1054b18dd452ef77b1633c,DELETE,regular-file,assets/ext/jquery-ui/ui/i18n/datepicker-tj.js,1339,
8328e2199260fd162ad9a63c2f1154d5ab80f959,DELETE,regular-file,assets/ext/jquery-ui/ui/i18n/datepicker-tr.js,1148,
c82501ad28d7fe180f4a25f2ceaa93b070228d81,DELETE,regular-file,assets/ext/jquery-ui/ui/i18n/datepicker-uk.js,1448,
2c208ab71c37911d8c32c6f12eca65dc61508e0e,DELETE,regular-file,assets/ext/jquery-ui/ui/i18n/datepicker-vi.js,1359,
91f99b4ed51666de4f384fc40e92e8a6dddb98af,DELETE,regular-file,assets/ext/jquery-ui/ui/i18n/datepicker-zh-CN.js,1266,
27f02bc6598b2b277ecfd0a2439172814e609543,DELETE,regular-file,assets/ext/jquery-ui/ui/i18n/datepicker-zh-HK.js,1264,
c20754bd51e85e2669ed9c5bdcd0f87df5802bbd,DELETE,regular-file,assets/ext/jquery-ui/ui/i18n/datepicker-zh-TW.js,1260,
1ce6a8450d575c196979dd2fa996beb93894385d,DELETE,regular-file,assets/ext/jquery-ui/ui/ie.js,356,
bd40e332f13e9eaee31c60b5db84e92be4ccecba,DELETE,regular-file,assets/ext/jquery-ui/ui/jquery-1-7.js,2525,
17687fbbd88852dfa75b0985c72a616d759efb93,DELETE,regular-file,assets/ext/jquery-ui/ui/keycode.js,792,
2a78d886b933f1a59ec3ea868505425578c5306d,DELETE,regular-file,assets/ext/jquery-ui/ui/labels.js,1714,
b282de7c6ddf31f6b4a83092fa0c9a7d31e5327e,DELETE,regular-file,assets/ext/jquery-ui/ui/plugin.js,991,
2f7fa5f016891e3457c4f052530e591edda196b3,DELETE,regular-file,assets/ext/jquery-ui/ui/position.js,14878,
4d04add5ffbfd82a098fdec36f6e39fc70af2ac7,DELETE,regular-file,assets/ext/jquery-ui/ui/safe-active-element.js,984,
52587826807ab78f8775954b6aee36cb0a1cbcec,DELETE,regular-file,assets/ext/jquery-ui/ui/safe-blur.js,493,
e646919888484bb9275a389234fcfda2b785655d,DELETE,regular-file,assets/ext/jquery-ui/ui/scroll-parent.js,1253,
3baa641ce868766bb4a68b4570bdf2a35331710c,DELETE,regular-file,assets/ext/jquery-ui/ui/tabbable.js,855,
a8db136e39d518d8ab76e233235ef394acc957dc,DELETE,regular-file,assets/ext/jquery-ui/ui/unique-id.js,949,
fdd99f79fcfafaf819985b317b6be8f65ea06b24,DELETE,regular-file,assets/ext/jquery-ui/ui/version.js,295,
a3922675f1d8e884ec7873d527963cd18d978a0f,DELETE,regular-file,assets/ext/jquery-ui/ui/widget.js,19750,
530d73543401fb5a79e0d66d263b6541ae88fa04,DELETE,regular-file,assets/ext/jquery-ui/ui/widgets/accordion.js,15924,
079b0dab07bd441b22d0ac33c092bfdac79158ae,DELETE,regular-file,assets/ext/jquery-ui/ui/widgets/autocomplete.js,17695,
50da9f9e22ec972f7529fe20f55507bfdfa57388,DELETE,regular-file,assets/ext/jquery-ui/ui/widgets/button.js,9999,
45500aaf5d35491c9792090b27737c2b36ef464a,DELETE,regular-file,assets/ext/jquery-ui/ui/widgets/checkboxradio.js,7584,
6f357948d94cc2ff8894bea272a2a9d258d68b37,DELETE,regular-file,assets/ext/jquery-ui/ui/widgets/controlgroup.js,8571,
1271de20092e6b596c2eaf065d2300bdf7538d77,DELETE,regular-file,assets/ext/jquery-ui/ui/widgets/datepicker.js,80798,
c8829331f2a74e2a7029eee5295a09ce1e28b340,DELETE,regular-file,assets/ext/jquery-ui/ui/widgets/dialog.js,23218,
9e46c81bb00385c8d1afc1a0392408155581980a,DELETE,regular-file,assets/ext/jquery-ui/ui/widgets/draggable.js,35468,
67bcb693d25f748e3d78a693727d34bdc6342fbf,DELETE,regular-file,assets/ext/jquery-ui/ui/widgets/droppable.js,12841,
49da2686579165536ab73f07cc72212774a431fd,DELETE,regular-file,assets/ext/jquery-ui/ui/widgets/menu.js,17882,
0ae8979a1ba27cabec587c7dd13cccdc03a2d014,DELETE,regular-file,assets/ext/jquery-ui/ui/widgets/mouse.js,6159,
dd7ee314303eda184c3982f9d92673430edeb922,DELETE,regular-file,assets/ext/jquery-ui/ui/widgets/progressbar.js,4219,
74863a055a7b6b2fc2b727a799424c94f0a0c640,DELETE,regular-file,assets/ext/jquery-ui/ui/widgets/resizable.js,29991,
ed980cc493ebe25586cbcba7da8394828cc930cf,DELETE,regular-file,assets/ext/jquery-ui/ui/widgets/selectable.js,8089,
900a245f777aca052e4b9b1c3b9f40018d1965e1,DELETE,regular-file,assets/ext/jquery-ui/ui/widgets/selectmenu.js,16198,
8b0f907f577e1b74eea329d6d452971838373d9d,DELETE,regular-file,assets/ext/jquery-ui/ui/widgets/slider.js,19557,
8d2ada59a87cb4f2018d4f160e8bad274c3541d3,DELETE,regular-file,assets/ext/jquery-ui/ui/widgets/sortable.js,46106,
447944344fae6d54b06e640d9c77026d5004fc50,DELETE,regular-file,assets/ext/jquery-ui/ui/widgets/spinner.js,14252,
0dd165d4a01b29573f9564810594b68e55adf5fc,DELETE,regular-file,assets/ext/jquery-ui/ui/widgets/tabs.js,23666,
a8f45bc87810c2c5ea16cd33362f3120a2895a00,DELETE,regular-file,assets/ext/jquery-ui/ui/widgets/tooltip.js,14360,