de927e385164b7a245a6316c4928a28b31e94e82,DELETE,regular-file,assets/ext/spritespin/LICENSE,1067,
e69de29bb2d1d6434b8b29ae775ad8c2e48c5391,DELETE,regular-file,assets/ext/spritespin/README.md,0,
d148cd69a1ba5e04653cdaad16657064c6270d1c,DELETE,regular-file,assets/ext/spritespin/bower.json,629,
00bde09c6f7f7096d44d3f3d50a3c889f785f717,DELETE,regular-file,assets/ext/spritespin/gulpfile.js,3129,
68e3265b11b6333990f334306ea88c5ffaad3823,DELETE,regular-file,assets/ext/spritespin/package.json,915,
a2899ac87854d0fc8e2367a234fec490908bd769,DELETE,regular-file,assets/ext/spritespin/page/docs/docco.css,9790,
1b32532a8e40e483069482c3650c3ef22ef16bdd,DELETE,regular-file,assets/ext/spritespin/page/docs/public/fonts/aller-bold.eot,29804,
dc4cc9c27a59ab14fbb7444c6ab35c5b33a034f6,DELETE,regular-file,assets/ext/spritespin/page/docs/public/fonts/aller-bold.ttf,66836,
fa16fd0aba81582de121d833c7bc50e8f1b1b981,DELETE,regular-file,assets/ext/spritespin/page/docs/public/fonts/aller-bold.woff,33244,
40bd654b5fe63501ae64d5673b5aa45051a69e65,DELETE,regular-file,assets/ext/spritespin/page/docs/public/fonts/aller-light.eot,29509,
c2c72902a1b6ecb6e22376256a3ece17dd100a30,DELETE,regular-file,assets/ext/spritespin/page/docs/public/fonts/aller-light.ttf,68620,
81a09d18ecdfdc5be11d55912268014b4d2d4d9f,DELETE,regular-file,assets/ext/spritespin/page/docs/public/fonts/aller-light.woff,33124,
98a9a7fbabb1083aca5143bc306e228886ff2eeb,DELETE,regular-file,assets/ext/spritespin/page/docs/public/fonts/novecento-bold.eot,18190,
2af39b08b07df11423ac44c1fb2ff0ca82e81346,DELETE,regular-file,assets/ext/spritespin/page/docs/public/fonts/novecento-bold.ttf,48136,
de558b5a29bcb4445be8ffd739c929bf4d3730af,DELETE,regular-file,assets/ext/spritespin/page/docs/public/fonts/novecento-bold.woff,20576,
73abb76fa418d070053579755fd19a1c022f7ad7,DELETE,regular-file,assets/ext/spritespin/page/docs/public/stylesheets/normalize.css,6874,
f05a98df5756f5964dbadf9319d2f24a5b140a8b,DELETE,regular-file,assets/ext/spritespin/page/docs/spritespin.api-fullscreen.html,10731,
7950f3ba63f61959f2d63c406edc3e0155a3cb41,DELETE,regular-file,assets/ext/spritespin/page/docs/spritespin.api.html,12039,
5b1c746dda97bc941e7c9b91e37e810ff52b1d0a,DELETE,regular-file,assets/ext/spritespin/page/docs/spritespin.beh-click.html,2520,
fd3a9d7db8a4ab075e8bb8c19073da2a7e370bee,DELETE,regular-file,assets/ext/spritespin/page/docs/spritespin.beh-drag.html,6714,
b092ac7a2a323b1fbd015eb3a80466d0a199e9fc,DELETE,regular-file,assets/ext/spritespin/page/docs/spritespin.beh-hold.html,4155,
4ce291a3f44fbe523b558e51c2d53a60268407b9,DELETE,regular-file,assets/ext/spritespin/page/docs/spritespin.beh-swipe.html,4151,
96b72f65460eac35c1452350db2b1f100021ce16,DELETE,regular-file,assets/ext/spritespin/page/docs/spritespin.html,78860,
419be9e8bf6a265b440f1218f8a8425203271f34,DELETE,regular-file,assets/ext/spritespin/page/docs/spritespin.mod-360.html,11785,
bed41e649157d48fb26358b39c5e195034659edd,DELETE,regular-file,assets/ext/spritespin/page/docs/spritespin.mod-blur.html,9616,
9b03c46daf0391762b5ad9ee6bc2236b9c33db79,DELETE,regular-file,assets/ext/spritespin/page/docs/spritespin.mod-ease.html,7788,
8f57068cf1cd1f81f4a85dacd2aeacb39eaa862b,DELETE,regular-file,assets/ext/spritespin/page/docs/spritespin.mod-gallery.html,4589,
26a19989e7688cca37933779348f5ccccfb06374,DELETE,regular-file,assets/ext/spritespin/page/docs/spritespin.mod-panorama.html,4816,
64c81463f17e65321eebdca3669041ef9cede250,DELETE,regular-file,assets/ext/spritespin/page/docs/spritespin.mod-zoom.html,14646,
c2cc5ece8aee7fa9f1ba7140a5934c39b6ad49c3,DELETE,regular-file,assets/ext/spritespin/page/download.html,3010,
322ff92250f07add47a5398da1074a82d448a02e,DELETE,regular-file,assets/ext/spritespin/page/example-3d.html,711,
322ff92250f07add47a5398da1074a82d448a02e,DELETE,regular-file,assets/ext/spritespin/page/example-blur.html,711,
322ff92250f07add47a5398da1074a82d448a02e,DELETE,regular-file,assets/ext/spritespin/page/example-frames.html,711,
322ff92250f07add47a5398da1074a82d448a02e,DELETE,regular-file,assets/ext/spritespin/page/example-fullscreen.html,711,
322ff92250f07add47a5398da1074a82d448a02e,DELETE,regular-file,assets/ext/spritespin/page/example-gallery.html,711,
322ff92250f07add47a5398da1074a82d448a02e,DELETE,regular-file,assets/ext/spritespin/page/example-panorama.html,711,
322ff92250f07add47a5398da1074a82d448a02e,DELETE,regular-file,assets/ext/spritespin/page/example-responsive.html,711,
322ff92250f07add47a5398da1074a82d448a02e,DELETE,regular-file,assets/ext/spritespin/page/example-sizemode.html,711,
322ff92250f07add47a5398da1074a82d448a02e,DELETE,regular-file,assets/ext/spritespin/page/example-sprite.html,711,
aa90128226071fea8f8d098d4dd4f578d0734dc4,DELETE,regular-file,assets/ext/spritespin/page/examples.html,2153,
322ff92250f07add47a5398da1074a82d448a02e,DELETE,regular-file,assets/ext/spritespin/page/examples/3d.html,711,
322ff92250f07add47a5398da1074a82d448a02e,DELETE,regular-file,assets/ext/spritespin/page/examples/blur.html,711,
322ff92250f07add47a5398da1074a82d448a02e,DELETE,regular-file,assets/ext/spritespin/page/examples/frames.html,711,
322ff92250f07add47a5398da1074a82d448a02e,DELETE,regular-file,assets/ext/spritespin/page/examples/fullscreen.html,711,
322ff92250f07add47a5398da1074a82d448a02e,DELETE,regular-file,assets/ext/spritespin/page/examples/gallery.html,711,
aa90128226071fea8f8d098d4dd4f578d0734dc4,DELETE,regular-file,assets/ext/spritespin/page/examples/index.html,2153,
322ff92250f07add47a5398da1074a82d448a02e,DELETE,regular-file,assets/ext/spritespin/page/examples/panorama.html,711,
4e5aa0670ca975147b062865e838b8be681e8fc4,DELETE,regular-file,assets/ext/spritespin/page/examples/sample-3d-sprite.html,1545,
6ebf1b37b86a2a2a46f22251f0eb78f1c6988f12,DELETE,regular-file,assets/ext/spritespin/page/examples/sample-3d-view.html,2218,
9a3ddfd06115541e4391589ee31c3e7aad9237f4,DELETE,regular-file,assets/ext/spritespin/page/examples/sample-3d.html,1567,
5641af8bfaa92cbc25f64a64d3ac804a027373df,DELETE,regular-file,assets/ext/spritespin/page/examples/sample-alternative-gallery.html,1654,
549bc83654b7a9929b05658b110a43a1880f85e3,DELETE,regular-file,assets/ext/spritespin/page/examples/sample-alternative-panorama.html,2203,
9bc7208dba632821fb567da3c4feeac33a445b78,DELETE,regular-file,assets/ext/spritespin/page/examples/sample-basic-frames.html,1456,
b9fa1754ebb5a534766b9398d7dc349ca7d783ae,DELETE,regular-file,assets/ext/spritespin/page/examples/sample-basic-sprite-usage.html,2184,
e4bcbbe9c8529e5ddabde3d5488bf8335cf8edb8,DELETE,regular-file,assets/ext/spritespin/page/examples/sample-basic-usage.html,2155,
944467050921a9c6fae0181b1f762f5fdbbddb57,DELETE,regular-file,assets/ext/spritespin/page/examples/sample-blur.html,1598,
dd7ca20bd4e5d31cc14ce8dd91c0212192b18485,DELETE,regular-file,assets/ext/spritespin/page/examples/sample-ease-and-blur.html,1980,
13eb480a6d95ca4b434e9ce35e197f02ece0be19,DELETE,regular-file,assets/ext/spritespin/page/examples/sample-ease-and-blur3d.html,2140,
9bc7208dba632821fb567da3c4feeac33a445b78,DELETE,regular-file,assets/ext/spritespin/page/examples/sample-frames.html,1456,
68dd73ad23d1340b0fa35a749910294e8fe1f821,DELETE,regular-file,assets/ext/spritespin/page/examples/sample-fullscreen.html,1579,
f9ec83e8a565ae8cc25a302e2c6714ea261fa41b,DELETE,regular-file,assets/ext/spritespin/page/examples/sample-gallery.html,1652,
8f300d0d652a6910fe0f81cc22255a5ec0c3e0a5,DELETE,regular-file,assets/ext/spritespin/page/examples/sample-index.html,2612,
c8ba9594396d7c8b2df63a52abe6c45c4e1b19f8,DELETE,regular-file,assets/ext/spritespin/page/examples/sample-panorama.html,1655,
eb61551f088fbe8a51b39024d06b2d9217da52c6,DELETE,regular-file,assets/ext/spritespin/page/examples/sample-responsive.html,1856,
015710d29a3c67929ba61e35eb8c42c9bdf6e688,DELETE,regular-file,assets/ext/spritespin/page/examples/sample-sizemode.html,1422,
9e65b2829927411cf4568619ba605ce9316b77a9,DELETE,regular-file,assets/ext/spritespin/page/examples/sample-sizing.html,2728,
94e5dbe3dbd8fcd00bf044eebad0d5fee1263109,DELETE,regular-file,assets/ext/spritespin/page/examples/sample-sprite-sheet.html,2408,
6e2cedda90a1f065c9b931e3555b0056ecc2ee10,DELETE,regular-file,assets/ext/spritespin/page/examples/sample-sprite-usage.html,2003,
6e2cedda90a1f065c9b931e3555b0056ecc2ee10,DELETE,regular-file,assets/ext/spritespin/page/examples/sample-sprite.html,2003,
9bc7208dba632821fb567da3c4feeac33a445b78,DELETE,regular-file,assets/ext/spritespin/page/examples/sample-usage.html,1456,
a6cdb4be06297f31de6c5c18abdaf2377140e4be,DELETE,regular-file,assets/ext/spritespin/page/examples/sample-zoom.html,2109,
3bd92c50fade400a93dd86b1794a19d3bf8162b1,DELETE,regular-file,assets/ext/spritespin/page/howto.html,7603,
c5adf3286c28b7d27c985d861534bb0a5c369671,DELETE,regular-file,assets/ext/spritespin/page/images/3d/sample-00-00.jpg,24487,
2819289979f7c7f6b8ab5c868555e5181c695079,DELETE,regular-file,assets/ext/spritespin/page/images/3d/sample-00-01.jpg,25197,
ee90a96c580fd6c3c2566dc5d9d02c4b97b634a1,DELETE,regular-file,assets/ext/spritespin/page/images/3d/sample-00-02.jpg,24557,
42314409f4b9e2e1f14a84380cfadf434e8c0b05,DELETE,regular-file,assets/ext/spritespin/page/images/3d/sample-00-03.jpg,23352,
7be67b300f3bae85a525f0622d814353de1fcd21,DELETE,regular-file,assets/ext/spritespin/page/images/3d/sample-00-04.jpg,22479,
21c048debba2ee9777a749ab834c2176dfd77a21,DELETE,regular-file,assets/ext/spritespin/page/images/3d/sample-00-05.jpg,21196,
2bb1af9dceb7490bed4129848d05d4aef91a4203,DELETE,regular-file,assets/ext/spritespin/page/images/3d/sample-00-06.jpg,20469,
76834d7e1d65813e1de6fd0f032607ba99adacdf,DELETE,regular-file,assets/ext/spritespin/page/images/3d/sample-00-07.jpg,21223,
23cdc1b4dcf101a76385a2de8abcf4eb8fef3bde,DELETE,regular-file,assets/ext/spritespin/page/images/3d/sample-00-08.jpg,22512,
a895297c32295c257208e2c18ed9b6dbb4ffd939,DELETE,regular-file,assets/ext/spritespin/page/images/3d/sample-00-09.jpg,23348,
11ee6620e2080d67cdbe7c0057480dc1ee18645f,DELETE,regular-file,assets/ext/spritespin/page/images/3d/sample-00-10.jpg,24608,
91a171d716f394867655f02827bcb6fb864dd501,DELETE,regular-file,assets/ext/spritespin/page/images/3d/sample-00-11.jpg,25190,
c9c44c4981428ff697a2f0b7c344422168526d82,DELETE,regular-file,assets/ext/spritespin/page/images/3d/sample-00-12.jpg,24490,
51b35179bbb9c34ec965a17b6a819c9b8c51091b,DELETE,regular-file,assets/ext/spritespin/page/images/3d/sample-00-13.jpg,25148,
09d126585ca0860156be6760a37be51d2f85591b,DELETE,regular-file,assets/ext/spritespin/page/images/3d/sample-00-14.jpg,24545,
43a463d576c45fd3eb400484e5d1459d38a70c2a,DELETE,regular-file,assets/ext/spritespin/page/images/3d/sample-00-15.jpg,23326,
a0611326708edc676f24c68d78eaf47b63e4e895,DELETE,regular-file,assets/ext/spritespin/page/images/3d/sample-00-16.jpg,22577,
2a52b7da82bd0feffa41d5dcd004c3f915a58f93,DELETE,regular-file,assets/ext/spritespin/page/images/3d/sample-00-17.jpg,21084,
959227a024a472e0c6a890bd60c76267072d16fa,DELETE,regular-file,assets/ext/spritespin/page/images/3d/sample-00-18.jpg,20348,
76c7f904525019caaba398e3d65e6ea6f133e651,DELETE,regular-file,assets/ext/spritespin/page/images/3d/sample-00-19.jpg,21128,
7886f1de8313fbc01f00da5a19b51bbca4fef218,DELETE,regular-file,assets/ext/spritespin/page/images/3d/sample-00-20.jpg,22539,
c4591764d65aede0755f046b18af4961ce89bbc1,DELETE,regular-file,assets/ext/spritespin/page/images/3d/sample-00-21.jpg,23307,
0bdc11ff2d44969cb2895f14d73428bca94aafa5,DELETE,regular-file,assets/ext/spritespin/page/images/3d/sample-00-22.jpg,24514,
35810764257183290fc7a6a9763ae4078da4d883,DELETE,regular-file,assets/ext/spritespin/page/images/3d/sample-00-23.jpg,25196,
7122f674d4077efecfad7562536fff21ce6f992c,DELETE,regular-file,assets/ext/spritespin/page/images/3d/sample-01-00.jpg,24983,
216c3b4df5faa690069515ba24cbb17478100842,DELETE,regular-file,assets/ext/spritespin/page/images/3d/sample-01-01.jpg,25278,
83dc20b127d53321030513674d23ed9e0d91ab76,DELETE,regular-file,assets/ext/spritespin/page/images/3d/sample-01-02.jpg,25109,
33527363e9b7ecf822d1c524c7d1242556d0f61b,DELETE,regular-file,assets/ext/spritespin/page/images/3d/sample-01-03.jpg,23754,
63467e41bd9d2ccfcaf7e8cbc1ce2c9f7177151d,DELETE,regular-file,assets/ext/spritespin/page/images/3d/sample-01-04.jpg,23021,
13521a6c7b9a9123c7e073137056b4db4f7bc707,DELETE,regular-file,assets/ext/spritespin/page/images/3d/sample-01-05.jpg,21504,
5d351e63af87306eac9a0cca3e4a7d818987377d,DELETE,regular-file,assets/ext/spritespin/page/images/3d/sample-01-06.jpg,20119,
e331f6388bd93b11d7560c3eb57cd36992a2525b,DELETE,regular-file,assets/ext/spritespin/page/images/3d/sample-01-07.jpg,21473,
99cd68e68f168940a7bd50b505b433609bfc3c9b,DELETE,regular-file,assets/ext/spritespin/page/images/3d/sample-01-08.jpg,23018,
ccf2dd447f6ff316cc893d08f00ccc4fc2441803,DELETE,regular-file,assets/ext/spritespin/page/images/3d/sample-01-09.jpg,23675,
1ff9fcd996eb93c8a81453001a6f0d5572ce8e14,DELETE,regular-file,assets/ext/spritespin/page/images/3d/sample-01-10.jpg,25114,
328b2934f4f44bc2adf8aa67494a4f90cc134317,DELETE,regular-file,assets/ext/spritespin/page/images/3d/sample-01-11.jpg,25301,
098f5f379942847026acc1908091502e29636523,DELETE,regular-file,assets/ext/spritespin/page/images/3d/sample-01-12.jpg,24944,
d2f9109f937b3273893df4b51eda0dd70fe428eb,DELETE,regular-file,assets/ext/spritespin/page/images/3d/sample-01-13.jpg,25424,
cd0f22aff0ce59a409f9cc433d037401489d941e,DELETE,regular-file,assets/ext/spritespin/page/images/3d/sample-01-14.jpg,25233,
27c0c444e15c5250470f51dac51bd31414d57af8,DELETE,regular-file,assets/ext/spritespin/page/images/3d/sample-01-15.jpg,23749,
7824800d858d095e6ffb49f8330f6345b768baef,DELETE,regular-file,assets/ext/spritespin/page/images/3d/sample-01-16.jpg,23045,
c5f249c2ea24866c05c8ab661958cee3d4e483f7,DELETE,regular-file,assets/ext/spritespin/page/images/3d/sample-01-17.jpg,21251,
27ae5805c8306794bdebec65e7bf0d800790ace5,DELETE,regular-file,assets/ext/spritespin/page/images/3d/sample-01-18.jpg,19949,
adc874aff8ac00f64c0949c2fcbabf4ecba6a3bb,DELETE,regular-file,assets/ext/spritespin/page/images/3d/sample-01-19.jpg,21229,
95167d0ef669161b6c391cc2704f15b20386db3e,DELETE,regular-file,assets/ext/spritespin/page/images/3d/sample-01-20.jpg,22999,
d5be48072423c6a562bd6ef66bc1f2741c8ad261,DELETE,regular-file,assets/ext/spritespin/page/images/3d/sample-01-21.jpg,23705,
ab4d28ae09d747ded3cf0b3d47960ebf1bb1f414,DELETE,regular-file,assets/ext/spritespin/page/images/3d/sample-01-22.jpg,25262,
ee9a27e62b7678b5d04f0d9c3c2631f3630fb4c0,DELETE,regular-file,assets/ext/spritespin/page/images/3d/sample-01-23.jpg,25414,
6a9f923ccd403c4c397264de99a51622e04e122b,DELETE,regular-file,assets/ext/spritespin/page/images/3d/sample-02-00.jpg,25719,
ae58a190ce2b63724f64a7bffbe745fda5d80b5e,DELETE,regular-file,assets/ext/spritespin/page/images/3d/sample-02-01.jpg,25826,
f24ee76ed44e6ea694f9a569763f127af939d84c,DELETE,regular-file,assets/ext/spritespin/page/images/3d/sample-02-02.jpg,25387,
d964009630ac31263e9751e97eefe35a37aba788,DELETE,regular-file,assets/ext/spritespin/page/images/3d/sample-02-03.jpg,23808,
8f3b65777601dd39bb141b06c89ac45aab07a097,DELETE,regular-file,assets/ext/spritespin/page/images/3d/sample-02-04.jpg,23146,
023041cdd7c5c0773a570895f400e9f7ccbc725d,DELETE,regular-file,assets/ext/spritespin/page/images/3d/sample-02-05.jpg,21013,
8918cc9b4c8220a5eeedbb56dc894cc7a22471bd,DELETE,regular-file,assets/ext/spritespin/page/images/3d/sample-02-06.jpg,19818,
650be141edf4ce70ca82c8a9aa0ae7e7b111fa09,DELETE,regular-file,assets/ext/spritespin/page/images/3d/sample-02-07.jpg,20973,
fc22d270ec89905b050ce3284c8a5a396a401ae2,DELETE,regular-file,assets/ext/spritespin/page/images/3d/sample-02-08.jpg,23045,
5ee73f797e958cb4dc0195b79e59fb9bd71287bd,DELETE,regular-file,assets/ext/spritespin/page/images/3d/sample-02-09.jpg,23839,
452247d1596683364c9b845b960cfbf0179df583,DELETE,regular-file,assets/ext/spritespin/page/images/3d/sample-02-10.jpg,25355,
db1b38e57a7f98233a6b9beb40ba8aea1837be46,DELETE,regular-file,assets/ext/spritespin/page/images/3d/sample-02-11.jpg,25940,
a7a40cd15a3548b8db6f3ca797682a9bf31a558d,DELETE,regular-file,assets/ext/spritespin/page/images/3d/sample-02-12.jpg,25658,
da086e1046d7bee2256c767eaa73b8502134c1c6,DELETE,regular-file,assets/ext/spritespin/page/images/3d/sample-02-13.jpg,26179,
ab791f9c7aa51a7a088d2ac3952a1bc437c89701,DELETE,regular-file,assets/ext/spritespin/page/images/3d/sample-02-14.jpg,25950,
9f5e460f218e5bbd68f9d1543eab24bb5dbcb965,DELETE,regular-file,assets/ext/spritespin/page/images/3d/sample-02-15.jpg,24201,
21e7bd3f2c60dcbea572412b0ac92c7c474400b0,DELETE,regular-file,assets/ext/spritespin/page/images/3d/sample-02-16.jpg,23585,
e9eec99bc6a5d212e855f800fe50887e7310b0c7,DELETE,regular-file,assets/ext/spritespin/page/images/3d/sample-02-17.jpg,21441,
8e4dfa0f4bdc011cc0e3299360d1927c7bcbd654,DELETE,regular-file,assets/ext/spritespin/page/images/3d/sample-02-18.jpg,20073,
66547a7e7146f24d76cbf1931d74959bd5e25b44,DELETE,regular-file,assets/ext/spritespin/page/images/3d/sample-02-19.jpg,21429,
d2a55ddc0a203d57c0056746e0fc43f47929cb84,DELETE,regular-file,assets/ext/spritespin/page/images/3d/sample-02-20.jpg,23435,
02074234d7787ee40a6a6d5d51853673e153b5cf,DELETE,regular-file,assets/ext/spritespin/page/images/3d/sample-02-21.jpg,24140,
2c7c6fb63d2df9a0912e53a2118641f20bba1b28,DELETE,regular-file,assets/ext/spritespin/page/images/3d/sample-02-22.jpg,25995,
d41d56ca1b917b5465a7376d14c5fe5ca30fe2bf,DELETE,regular-file,assets/ext/spritespin/page/images/3d/sample-02-23.jpg,26171,
0d9fcc58af247943f6a3ae9184e807e92dc5e481,DELETE,regular-file,assets/ext/spritespin/page/images/3d/sample-03-00.jpg,27427,
0cc06415eccbe650710560d4c56eb8b13ca9a996,DELETE,regular-file,assets/ext/spritespin/page/images/3d/sample-03-01.jpg,27267,
a5c96887e82f0526b758d5770b4d9127de3be589,DELETE,regular-file,assets/ext/spritespin/page/images/3d/sample-03-02.jpg,26615,
c4736450e29eeb6f7bf80d7431f7a4f4c47a7298,DELETE,regular-file,assets/ext/spritespin/page/images/3d/sample-03-03.jpg,24651,
89e8f2e2c7b22194acfe3c226477e786ccb5df1a,DELETE,regular-file,assets/ext/spritespin/page/images/3d/sample-03-04.jpg,22798,
0e720c86c42b2a46a6c43a3d204fcc6547002c92,DELETE,regular-file,assets/ext/spritespin/page/images/3d/sample-03-05.jpg,21452,
847e56ab767faad33890dcedb43eab88d12d7717,DELETE,regular-file,assets/ext/spritespin/page/images/3d/sample-03-06.jpg,19735,
a6195aad6b6c3509d27d16e44976c554c1e1d416,DELETE,regular-file,assets/ext/spritespin/page/images/3d/sample-03-07.jpg,21501,
f38948e1ac3a70dc537855b463b2038e8e9580eb,DELETE,regular-file,assets/ext/spritespin/page/images/3d/sample-03-08.jpg,22826,
55c50d91355764ca577755b6dfab47ef5b2961c2,DELETE,regular-file,assets/ext/spritespin/page/images/3d/sample-03-09.jpg,24614,
bc47476eda0f26c651a38814919f1e333ab381a9,DELETE,regular-file,assets/ext/spritespin/page/images/3d/sample-03-10.jpg,26575,
70fbc0625dfe3f87f896a576775eab84135eebd5,DELETE,regular-file,assets/ext/spritespin/page/images/3d/sample-03-11.jpg,27250,
c9e9f768f99f5e5653c315a936952dbb313c5cb3,DELETE,regular-file,assets/ext/spritespin/page/images/3d/sample-03-12.jpg,27443,
c861a2e3d50621dc6653cb59c25b9b0d42f7f915,DELETE,regular-file,assets/ext/spritespin/page/images/3d/sample-03-13.jpg,27946,
46fe51927144e9cca66aef2f8907f6a5e90e2ccb,DELETE,regular-file,assets/ext/spritespin/page/images/3d/sample-03-14.jpg,27941,
dd299241f72b49599416293e6ee9138568c2d06e,DELETE,regular-file,assets/ext/spritespin/page/images/3d/sample-03-15.jpg,26002,
a1a6c990c7736e59c67661c772ca1fbca90593c7,DELETE,regular-file,assets/ext/spritespin/page/images/3d/sample-03-16.jpg,24257,
7846b86269dc8ff94906264d4f135f122afccd81,DELETE,regular-file,assets/ext/spritespin/page/images/3d/sample-03-17.jpg,22837,
5266c511c0eee44bfe3a0b21b76847419477489b,DELETE,regular-file,assets/ext/spritespin/page/images/3d/sample-03-18.jpg,21226,
1b176a5b47d29d016bfae8f0bd2fe1d41248d326,DELETE,regular-file,assets/ext/spritespin/page/images/3d/sample-03-19.jpg,22788,
28f03a9f0d01f02a3a451317ed4082d6f0ff4f24,DELETE,regular-file,assets/ext/spritespin/page/images/3d/sample-03-20.jpg,24118,
e6fc2c8fa6fb72502bb01a9e1e05d1ad32212eb3,DELETE,regular-file,assets/ext/spritespin/page/images/3d/sample-03-21.jpg,25916,
3ac953ce67834efe64aa225c6648370ce072f931,DELETE,regular-file,assets/ext/spritespin/page/images/3d/sample-03-22.jpg,27882,
c259008ca6378be3a820eddb162b00961c17abee,DELETE,regular-file,assets/ext/spritespin/page/images/3d/sample-03-23.jpg,28047,
98c2c959c9753cd50d600c5292e1e0a70e491100,DELETE,regular-file,assets/ext/spritespin/page/images/3d/sample-04-00.jpg,29552,
ffabe65723e5230b04b251addbd3a150905655e4,DELETE,regular-file,assets/ext/spritespin/page/images/3d/sample-04-01.jpg,29427,
6a464c0d7f3462d01ac5a63f1783643a8c578fbf,DELETE,regular-file,assets/ext/spritespin/page/images/3d/sample-04-02.jpg,28397,
8add685323cf35fe5bc97d17c0419763d7143040,DELETE,regular-file,assets/ext/spritespin/page/images/3d/sample-04-03.jpg,25344,
b9c175339c4f15c04dad9c92598a9d6d98f5f944,DELETE,regular-file,assets/ext/spritespin/page/images/3d/sample-04-04.jpg,22505,
b490a705ec8f1b32685a0085552355fb35c38844,DELETE,regular-file,assets/ext/spritespin/page/images/3d/sample-04-05.jpg,19360,
bb54ec3bca35c49162068c5db1e862b809328a73,DELETE,regular-file,assets/ext/spritespin/page/images/3d/sample-04-06.jpg,18224,
75aa9b208f9190e6b41624a8f344515b248cbb29,DELETE,regular-file,assets/ext/spritespin/page/images/3d/sample-04-07.jpg,19418,
88f324e892407a440248f79cef5d0e1bae9f8240,DELETE,regular-file,assets/ext/spritespin/page/images/3d/sample-04-08.jpg,22460,
0adb6ee238863acbad1bee2f89cc3105118d5c6c,DELETE,regular-file,assets/ext/spritespin/page/images/3d/sample-04-09.jpg,25205,
0996914786d5999d8a2caad6f58d13e08d7f92aa,DELETE,regular-file,assets/ext/spritespin/page/images/3d/sample-04-10.jpg,28375,
0094a2fbaf1459133e151be4c9e38dcad15ddc2a,DELETE,regular-file,assets/ext/spritespin/page/images/3d/sample-04-11.jpg,29368,
dfdc3f89bf24b0bb8ba1bec4fa2294d098963233,DELETE,regular-file,assets/ext/spritespin/page/images/3d/sample-04-12.jpg,29503,
2db559bddf3ca2ff76346326121b1885eedbdb93,DELETE,regular-file,assets/ext/spritespin/page/images/3d/sample-04-13.jpg,30516,
498e4a1a21e6fb84c09c18096d1fb6bb2b6042bd,DELETE,regular-file,assets/ext/spritespin/page/images/3d/sample-04-14.jpg,30383,
5964a1b1938137f9f7133bee95321090daf70107,DELETE,regular-file,assets/ext/spritespin/page/images/3d/sample-04-15.jpg,28018,
5041ce956d46073f24f0f34e335ae613fa2d462f,DELETE,regular-file,assets/ext/spritespin/page/images/3d/sample-04-16.jpg,25376,
a618c60736084e0d217f3d80262cb4ae66d46bda,DELETE,regular-file,assets/ext/spritespin/page/images/3d/sample-04-17.jpg,21790,
9bd03b4b987707d30b9e0af4c68e17de4fa70ef1,DELETE,regular-file,assets/ext/spritespin/page/images/3d/sample-04-18.jpg,21187,
20f02cc4f67f2637457cbcf8bf5f15ab8643ceef,DELETE,regular-file,assets/ext/spritespin/page/images/3d/sample-04-19.jpg,21908,
2c67d97416cea3a9475286cda03c0931eeb2f463,DELETE,regular-file,assets/ext/spritespin/page/images/3d/sample-04-20.jpg,25274,
bfa2d3f69f4c9188d24bf6c5344339c32152df05,DELETE,regular-file,assets/ext/spritespin/page/images/3d/sample-04-21.jpg,27998,
41d9e4b256082b6bb33c21a73d26f174842dfacd,DELETE,regular-file,assets/ext/spritespin/page/images/3d/sample-04-22.jpg,30332,
053aa380c3654678ee3942144d13c2fbb71d2fe1,DELETE,regular-file,assets/ext/spritespin/page/images/3d/sample-04-23.jpg,30359,
1954e432e684560d70718a544f41e8563df9157f,DELETE,regular-file,assets/ext/spritespin/page/images/3d/sample-05-00.jpg,26910,
07ada6ed0b62576479e3b8a3910c3b727b1f3c4a,DELETE,regular-file,assets/ext/spritespin/page/images/3d/sample-05-01.jpg,27502,
6179c9671496f345aa402a61d6d27d78629f94ca,DELETE,regular-file,assets/ext/spritespin/page/images/3d/sample-05-02.jpg,25253,
fdd82889b70e367210269b94f491b82e3820ae60,DELETE,regular-file,assets/ext/spritespin/page/images/3d/sample-05-03.jpg,22687,
f00f9df0a8c3c4e069b0a48a1361daed0aca7151,DELETE,regular-file,assets/ext/spritespin/page/images/3d/sample-05-04.jpg,20417,
a17712dedd6decb82d1dfb0c9956c4e38a6b1517,DELETE,regular-file,assets/ext/spritespin/page/images/3d/sample-05-05.jpg,17578,
8c83a400300a35b8bd673f649236d9aec677c500,DELETE,regular-file,assets/ext/spritespin/page/images/3d/sample-05-06.jpg,19905,
53acdafa17243e93638a3a413c90cbe982c397b9,DELETE,regular-file,assets/ext/spritespin/page/images/3d/sample-05-07.jpg,17560,
51faa1af0b27c6933543ef6c55da4a594339baa8,DELETE,regular-file,assets/ext/spritespin/page/images/3d/sample-05-08.jpg,20386,
29abb8b7b0dd5a5eeb9427dffe6dddd707d85714,DELETE,regular-file,assets/ext/spritespin/page/images/3d/sample-05-09.jpg,22643,
c5cc65735e5802750c8c83115ae40a943e939f6e,DELETE,regular-file,assets/ext/spritespin/page/images/3d/sample-05-10.jpg,25181,
debc61006f068008a73a365de77d663246e80f89,DELETE,regular-file,assets/ext/spritespin/page/images/3d/sample-05-11.jpg,27267,
10ff07ec59b48eb0c42dcab085aaad17c8e38778,DELETE,regular-file,assets/ext/spritespin/page/images/3d/sample-05-12.jpg,26888,
f77c0a6108956ab71357f7fcc07f9aec995218e8,DELETE,regular-file,assets/ext/spritespin/page/images/3d/sample-05-13.jpg,28309,
eae30bac3fe45ebabbbcd54363e5f887a7fc5503,DELETE,regular-file,assets/ext/spritespin/page/images/3d/sample-05-14.jpg,27237,
691c9ac61713575f1e257d8957a7444e0fa7fa09,DELETE,regular-file,assets/ext/spritespin/page/images/3d/sample-05-15.jpg,25928,
d79cf06ddbf107f241a9e54d8bc742809c2aa1fd,DELETE,regular-file,assets/ext/spritespin/page/images/3d/sample-05-16.jpg,23521,
063a5812cf87285ad27b2d9308cbf253c1f01f10,DELETE,regular-file,assets/ext/spritespin/page/images/3d/sample-05-17.jpg,18955,
7cbca18c913f22f2d83c48a7d62c1e8c89c1d3a6,DELETE,regular-file,assets/ext/spritespin/page/images/3d/sample-05-18.jpg,20249,
de171428de6a2b821cb99ab4a494123db6ed6ee8,DELETE,regular-file,assets/ext/spritespin/page/images/3d/sample-05-19.jpg,18988,
e26e515884cdc4d9b5b7047f5a88209e2b605b2c,DELETE,regular-file,assets/ext/spritespin/page/images/3d/sample-05-20.jpg,23467,
d4ca7cc8aef365d3bd8b15f809bfdb44a6bb98c0,DELETE,regular-file,assets/ext/spritespin/page/images/3d/sample-05-21.jpg,25926,
e8fe0061b69900ef5df190f774af955292b7be87,DELETE,regular-file,assets/ext/spritespin/page/images/3d/sample-05-22.jpg,27204,
2e3700624d8833a44497fd10cf6ae250b0387cba,DELETE,regular-file,assets/ext/spritespin/page/images/3d/sample-05-23.jpg,28211,
6684f5213e7af360c396623486beb54e19d561fa,DELETE,regular-file,assets/ext/spritespin/page/images/3d/sample-06-00.jpg,26509,
ba54cd8ddd3b6decf5e3e819548dfdf41d431db9,DELETE,regular-file,assets/ext/spritespin/page/images/3d/sample-06-01.jpg,26655,
0764f7e8e72e2a3bbecf9eecc81f39b3df2ac6e5,DELETE,regular-file,assets/ext/spritespin/page/images/3d/sample-06-02.jpg,24860,
4c0d51bea9bd126327fb795b1d48fe2e61896aec,DELETE,regular-file,assets/ext/spritespin/page/images/3d/sample-06-03.jpg,22692,
8cab48f56b8dc4e6c113cc0f58bc15ec2ac6fb80,DELETE,regular-file,assets/ext/spritespin/page/images/3d/sample-06-04.jpg,20303,
24988a4089eb5c43b1488e46936d1e847944adf8,DELETE,regular-file,assets/ext/spritespin/page/images/3d/sample-06-05.jpg,17657,
75bd58422f2a67362180177ceecc85099eb98d59,DELETE,regular-file,assets/ext/spritespin/page/images/3d/sample-06-06.jpg,20028,
c15add18ecba9f8dac82bd366ed7522334214b4f,DELETE,regular-file,assets/ext/spritespin/page/images/3d/sample-06-07.jpg,17688,
a521a1365f97f212578a90dc6332f4d952d51109,DELETE,regular-file,assets/ext/spritespin/page/images/3d/sample-06-08.jpg,20286,
a968e3bfce5fb1bd33abdad8e0a7441280b347a7,DELETE,regular-file,assets/ext/spritespin/page/images/3d/sample-06-09.jpg,22557,
f9f61cab9da177be4f534a663c6dfe41496efda2,DELETE,regular-file,assets/ext/spritespin/page/images/3d/sample-06-10.jpg,24865,
abe41de8b630c5a95f824f3d1f9b5bc056c8ce96,DELETE,regular-file,assets/ext/spritespin/page/images/3d/sample-06-11.jpg,26634,
df85ac5eb6253e1d57a28c762cc2186d1e52372d,DELETE,regular-file,assets/ext/spritespin/page/images/3d/sample-06-12.jpg,26423,
30561d73f02dfcac911cb80c499d853e19c2eff9,DELETE,regular-file,assets/ext/spritespin/page/images/3d/sample-06-13.jpg,27610,
696b6b62e663d91fc82f2274c7e395234464909b,DELETE,regular-file,assets/ext/spritespin/page/images/3d/sample-06-14.jpg,26861,
bf85d8de9b09894768c5a957fcffed8fd027d8fe,DELETE,regular-file,assets/ext/spritespin/page/images/3d/sample-06-15.jpg,26330,
dd73f5f06e04c3152c2f1e16c06ca4de33a7b96b,DELETE,regular-file,assets/ext/spritespin/page/images/3d/sample-06-16.jpg,24336,
afd2c3e10f49e410fc4a5292602b2b764d608fcd,DELETE,regular-file,assets/ext/spritespin/page/images/3d/sample-06-17.jpg,20197,
17a7ad1759bca905a786cf528d0e0eb69b6b7710,DELETE,regular-file,assets/ext/spritespin/page/images/3d/sample-06-18.jpg,21618,
c46308421931d328b6a88c51e7d29f8c5ab9e128,DELETE,regular-file,assets/ext/spritespin/page/images/3d/sample-06-19.jpg,20234,
e49512bcc2f6cd61ae347d92fc54c1b92d4680c3,DELETE,regular-file,assets/ext/spritespin/page/images/3d/sample-06-20.jpg,24298,
b0647a85519cf471d14dd9cfc520e9e7b8a45fb1,DELETE,regular-file,assets/ext/spritespin/page/images/3d/sample-06-21.jpg,26276,
20a2fb8948563a720fdc961048ed5d8bef8fc882,DELETE,regular-file,assets/ext/spritespin/page/images/3d/sample-06-22.jpg,26859,
0bb6e4a39a892095bf58f3b620b9a70ec98c7e74,DELETE,regular-file,assets/ext/spritespin/page/images/3d/sample-06-23.jpg,27532,
2e16e37269e5be261d156600f12314d789c391c9,DELETE,regular-file,assets/ext/spritespin/page/images/3d/sample-07-00.jpg,28992,
49e8038bdad8219060d81323344094e5ada76fb3,DELETE,regular-file,assets/ext/spritespin/page/images/3d/sample-07-01.jpg,28078,
7665fd834050e51f3f35a22a80b1c2fc66d89282,DELETE,regular-file,assets/ext/spritespin/page/images/3d/sample-07-02.jpg,27436,
779ebbd591ac548410d438523ae66b54b1e4c148,DELETE,regular-file,assets/ext/spritespin/page/images/3d/sample-07-03.jpg,24696,
e1b49f7883ce19528783fc547ca2ace562d2a58b,DELETE,regular-file,assets/ext/spritespin/page/images/3d/sample-07-04.jpg,22072,
475d22ab752dfc3b213300a1513d484790ed89de,DELETE,regular-file,assets/ext/spritespin/page/images/3d/sample-07-05.jpg,19186,
274f15df139fed120a53a08c3810d971125a01af,DELETE,regular-file,assets/ext/spritespin/page/images/3d/sample-07-06.jpg,18186,
d33b63def2351eea336594a31b4b8cd2dcbbca07,DELETE,regular-file,assets/ext/spritespin/page/images/3d/sample-07-07.jpg,19219,
ffb075dfc5e008581332a2aababbb3451e373fe0,DELETE,regular-file,assets/ext/spritespin/page/images/3d/sample-07-08.jpg,22017,
f5999d6723dbc00a863faf847d878b61b3070fcd,DELETE,regular-file,assets/ext/spritespin/page/images/3d/sample-07-09.jpg,24660,
8c70d05881d8e602e6dd6014bb33346f5fdea14f,DELETE,regular-file,assets/ext/spritespin/page/images/3d/sample-07-10.jpg,27400,
223a70906f5f4ee3e7741b2462e9983260b123d0,DELETE,regular-file,assets/ext/spritespin/page/images/3d/sample-07-11.jpg,27986,
e18ff78fd4b787cedcd5dcae58220dff5498c360,DELETE,regular-file,assets/ext/spritespin/page/images/3d/sample-07-12.jpg,28966,
e3d6223a700dd242466b83451c4f441708bb3772,DELETE,regular-file,assets/ext/spritespin/page/images/3d/sample-07-13.jpg,29350,
120f9147f2c562b2577265556c4cd5cd997fd6b4,DELETE,regular-file,assets/ext/spritespin/page/images/3d/sample-07-14.jpg,29566,
b939ea4c745fc19a100caf856cb4b12f5a1adb9c,DELETE,regular-file,assets/ext/spritespin/page/images/3d/sample-07-15.jpg,28281,
47a6254eb4b4d9645b262b8f62ed0c70b575bd78,DELETE,regular-file,assets/ext/spritespin/page/images/3d/sample-07-16.jpg,26492,
c288fa0d7628691b8cc57139210cb1338abb7a44,DELETE,regular-file,assets/ext/spritespin/page/images/3d/sample-07-17.jpg,23674,
df8ada35b4d29de8b339c8670e7aef1a4110d3dd,DELETE,regular-file,assets/ext/spritespin/page/images/3d/sample-07-18.jpg,23214,
9c4dd349973a9410c95cd68edf4828ebfc8f04cc,DELETE,regular-file,assets/ext/spritespin/page/images/3d/sample-07-19.jpg,23809,
f0d20c70849846ce1bd877da6f081115b81e9644,DELETE,regular-file,assets/ext/spritespin/page/images/3d/sample-07-20.jpg,26379,
7bcb953e371509d954a2a91089a18478f4c623fa,DELETE,regular-file,assets/ext/spritespin/page/images/3d/sample-07-21.jpg,28216,
91ba3521b7971e0a4557d30776afc2fc8d72b415,DELETE,regular-file,assets/ext/spritespin/page/images/3d/sample-07-22.jpg,29461,
19a8c63bf952018c8eca8eece467565fd0d537cc,DELETE,regular-file,assets/ext/spritespin/page/images/3d/sample-07-23.jpg,29167,
e8a42f149d897a2668fbc811833ee544ab94dc8e,DELETE,regular-file,assets/ext/spritespin/page/images/3d/sample-08-00.jpg,25661,
9d62ce3b3ca853efc13815b30aa0f0603e1b9ff3,DELETE,regular-file,assets/ext/spritespin/page/images/3d/sample-08-01.jpg,25434,
7b7c67c8cfed890e3e39fd98ee7281744250fa56,DELETE,regular-file,assets/ext/spritespin/page/images/3d/sample-08-02.jpg,24374,
b6342e341a408b3687af15f4792258098b9f7e07,DELETE,regular-file,assets/ext/spritespin/page/images/3d/sample-08-03.jpg,22690,
768f37aa560965679d34c12e7303714763cb865a,DELETE,regular-file,assets/ext/spritespin/page/images/3d/sample-08-04.jpg,21347,
4232f6b54ce56556165ea069b8a809195d1b4340,DELETE,regular-file,assets/ext/spritespin/page/images/3d/sample-08-05.jpg,20598,
c58960944cadc087e23ceb0132299d0f00a72a12,DELETE,regular-file,assets/ext/spritespin/page/images/3d/sample-08-06.jpg,19170,
523cee088b5984fb8ec1d0ce80298977825e5971,DELETE,regular-file,assets/ext/spritespin/page/images/3d/sample-08-07.jpg,20594,
084621003502e09a9b26ddeab6bbdc7092fccb28,DELETE,regular-file,assets/ext/spritespin/page/images/3d/sample-08-08.jpg,21347,
58bae0758e12736922d6feddf0b2b5ae6945d1b2,DELETE,regular-file,assets/ext/spritespin/page/images/3d/sample-08-09.jpg,22694,
4fc7485fc61006189bcd16f5204585487e3c0bc2,DELETE,regular-file,assets/ext/spritespin/page/images/3d/sample-08-10.jpg,24308,
def9037bb0386d7b5e07739cba4040f7da83bcca,DELETE,regular-file,assets/ext/spritespin/page/images/3d/sample-08-11.jpg,25351,
95ace4b371bfe683b0e5642524670234c5d19344,DELETE,regular-file,assets/ext/spritespin/page/images/3d/sample-08-12.jpg,25640,
74b6f59d5a105334150ce723d704cd0d9957a4f3,DELETE,regular-file,assets/ext/spritespin/page/images/3d/sample-08-13.jpg,26390,
870ec91b61f07b2b32e3837875ec2f1176160213,DELETE,regular-file,assets/ext/spritespin/page/images/3d/sample-08-14.jpg,26005,
218fd676a0a05993c6a3b8a5e72387065d5e6890,DELETE,regular-file,assets/ext/spritespin/page/images/3d/sample-08-15.jpg,24625,
95c34cacc79bdbf2410780e297cb8b1cd39be657,DELETE,regular-file,assets/ext/spritespin/page/images/3d/sample-08-16.jpg,23314,
b4384c155ceee652dc1a5c9e2577825e14e027aa,DELETE,regular-file,assets/ext/spritespin/page/images/3d/sample-08-17.jpg,22671,
866409683bebf77da7792df5a06dcd0761fbcce9,DELETE,regular-file,assets/ext/spritespin/page/images/3d/sample-08-18.jpg,21118,
4e8000e6b474b0bac52ad7f3c69cfe3b26e92a7a,DELETE,regular-file,assets/ext/spritespin/page/images/3d/sample-08-19.jpg,22627,
d742e2ec4049437072f961a9815af3b4cdcd0f32,DELETE,regular-file,assets/ext/spritespin/page/images/3d/sample-08-20.jpg,23374,
c109a8e347ed0c3224ae9bc5f2a8dc7d11c890a1,DELETE,regular-file,assets/ext/spritespin/page/images/3d/sample-08-21.jpg,24571,
b22c3a5ac74376cb25e5dec5beb8d985ba38498b,DELETE,regular-file,assets/ext/spritespin/page/images/3d/sample-08-22.jpg,25915,
37ba4b9fd6684faaf1a54ac2c468fb4fed89ec29,DELETE,regular-file,assets/ext/spritespin/page/images/3d/sample-08-23.jpg,26432,
e44361d72a58608121cc5fdb6b74595854b04d88,DELETE,regular-file,assets/ext/spritespin/page/images/3d/sample-09-00.jpg,22700,
71d35e8bacb1ed7f7415672768230b9429836985,DELETE,regular-file,assets/ext/spritespin/page/images/3d/sample-09-01.jpg,22612,
0f30f335fab74c0934442840fb00e9f961a8c861,DELETE,regular-file,assets/ext/spritespin/page/images/3d/sample-09-02.jpg,21651,
044aab0c51b3d5ad0ebc6e105ea913caf7103a3f,DELETE,regular-file,assets/ext/spritespin/page/images/3d/sample-09-03.jpg,20411,
aa6b6fc353edc5635c0fa7684b086349c444feef,DELETE,regular-file,assets/ext/spritespin/page/images/3d/sample-09-04.jpg,20155,
6dc45cd3bbe20247e3cdfda1e4b6589f73781f70,DELETE,regular-file,assets/ext/spritespin/page/images/3d/sample-09-05.jpg,19019,
69654a79c7dc9bca2e1bd610e0e14f565db2a5d1,DELETE,regular-file,assets/ext/spritespin/page/images/3d/sample-09-06.jpg,18610,
34f301ca2ab2c336493792cc6ac9514dc474cb07,DELETE,regular-file,assets/ext/spritespin/page/images/3d/sample-09-07.jpg,19068,
168386ad29ed570d2d0bee01191091ddbd37d57e,DELETE,regular-file,assets/ext/spritespin/page/images/3d/sample-09-08.jpg,20086,
0ea89add721672bfcf615b62b43497b5d290e8f9,DELETE,regular-file,assets/ext/spritespin/page/images/3d/sample-09-09.jpg,20384,
c3b7c0a98d187f9b25a5d0cda82ceab309670f32,DELETE,regular-file,assets/ext/spritespin/page/images/3d/sample-09-10.jpg,21617,
38207649e8d1835c138fc1c241645e075aca9c07,DELETE,regular-file,assets/ext/spritespin/page/images/3d/sample-09-11.jpg,22615,
37164aae99b85fe6668a36910c70e1b37143ff11,DELETE,regular-file,assets/ext/spritespin/page/images/3d/sample-09-12.jpg,22670,
d7c3d9e37ea585670da145f6f514546f5d983951,DELETE,regular-file,assets/ext/spritespin/page/images/3d/sample-09-13.jpg,23249,
424429a283ae43a0979b71531eaf5a69155b7a22,DELETE,regular-file,assets/ext/spritespin/page/images/3d/sample-09-14.jpg,22793,
87d000094b4de5ce4426797ca5c32d37b4c40ac8,DELETE,regular-file,assets/ext/spritespin/page/images/3d/sample-09-15.jpg,21303,
577c71b4ffe7817de3932e8bf31c0a7cd303ab36,DELETE,regular-file,assets/ext/spritespin/page/images/3d/sample-09-16.jpg,20698,
1ee5beddd1452a600d81a3bd2add980da2bcf700,DELETE,regular-file,assets/ext/spritespin/page/images/3d/sample-09-17.jpg,19407,
8dbd4c7b0065bf6917d9eab891b5da4eb92d6554,DELETE,regular-file,assets/ext/spritespin/page/images/3d/sample-09-18.jpg,18514,
5b3533f96cbe2b27834d55c437ca2cc0b27c808b,DELETE,regular-file,assets/ext/spritespin/page/images/3d/sample-09-19.jpg,19365,
864b0048c296eb3a6af1c10be86c6118a8cd0211,DELETE,regular-file,assets/ext/spritespin/page/images/3d/sample-09-20.jpg,20757,
d383432dd99d6bb9abaec7b1835924c1bfc195b9,DELETE,regular-file,assets/ext/spritespin/page/images/3d/sample-09-21.jpg,21318,
bfc3a6a59925c83418a3db99ae9ee3c62d9c4a77,DELETE,regular-file,assets/ext/spritespin/page/images/3d/sample-09-22.jpg,22688,
1224936521f717ccbecfd39d844802d66e83870e,DELETE,regular-file,assets/ext/spritespin/page/images/3d/sample-09-23.jpg,23212,
f82ecc796517e037bcf751488c868b9e788624f6,DELETE,regular-file,assets/ext/spritespin/page/images/3d/sample-10-00.jpg,21556,
a16daee10c9cc114a0fb3992668823cb6d5eb890,DELETE,regular-file,assets/ext/spritespin/page/images/3d/sample-10-01.jpg,21614,
1000e12a93dcbec28e2e0f7d088812e9176e9acf,DELETE,regular-file,assets/ext/spritespin/page/images/3d/sample-10-02.jpg,20855,
e42aa6037e732272466c070e41e8d79940450cd6,DELETE,regular-file,assets/ext/spritespin/page/images/3d/sample-10-03.jpg,19486,
4de9bbe77307315729ef25b3e48dc2ced4b5d98e,DELETE,regular-file,assets/ext/spritespin/page/images/3d/sample-10-04.jpg,18960,
3ad615db5f4c52742c1a6ba0e6b7351d79c7ff7b,DELETE,regular-file,assets/ext/spritespin/page/images/3d/sample-10-05.jpg,17892,
236b240df85dc57aa806f347588f7fd09d4bfa13,DELETE,regular-file,assets/ext/spritespin/page/images/3d/sample-10-06.jpg,17314,
471402c311eba35a758a8b2fdd27ab3fb4c31a7c,DELETE,regular-file,assets/ext/spritespin/page/images/3d/sample-10-07.jpg,17867,
ab1bb29b051b3fbcb73a03b5c0c7b76a5d901269,DELETE,regular-file,assets/ext/spritespin/page/images/3d/sample-10-08.jpg,19000,
48930836ae9d3446966d936eda060dcb5efe5320,DELETE,regular-file,assets/ext/spritespin/page/images/3d/sample-10-09.jpg,19521,
2c98d5d180250845c69ca94adeb371cc973d8410,DELETE,regular-file,assets/ext/spritespin/page/images/3d/sample-10-10.jpg,20842,
e1f7d171b2afa820b1a5823e9b09a7cfc2d535c1,DELETE,regular-file,assets/ext/spritespin/page/images/3d/sample-10-11.jpg,21585,
8bef98afc88cf99061cdb106026d56923b6a32ea,DELETE,regular-file,assets/ext/spritespin/page/images/3d/sample-10-12.jpg,21596,
ec8d8681d426880f2bb8310a74fe237bf1abd8cd,DELETE,regular-file,assets/ext/spritespin/page/images/3d/sample-10-13.jpg,22101,
e6ffa817c16b686a7873b8fb75edc3a6ef46fbd3,DELETE,regular-file,assets/ext/spritespin/page/images/3d/sample-10-14.jpg,21439,
c6aaae3af9d5ec6aee6b3ca1b31ee01d2b6a526c,DELETE,regular-file,assets/ext/spritespin/page/images/3d/sample-10-15.jpg,20008,
297cf0af692090951ac16bc98ecea5edca80ceb9,DELETE,regular-file,assets/ext/spritespin/page/images/3d/sample-10-16.jpg,19193,
19c02acd46ab4090a09a29bd7aa89e79f34f211c,DELETE,regular-file,assets/ext/spritespin/page/images/3d/sample-10-17.jpg,18002,
70dfc9dfad24ec06f8dfd2b948cd4c2beccac40a,DELETE,regular-file,assets/ext/spritespin/page/images/3d/sample-10-18.jpg,17101,
3fcab67b0fff0b79e00568c376d22047b5543cc8,DELETE,regular-file,assets/ext/spritespin/page/images/3d/sample-10-19.jpg,18036,
d04c152f9071a4f54f9fabc761d28ee7cbbd5b25,DELETE,regular-file,assets/ext/spritespin/page/images/3d/sample-10-20.jpg,19263,
694e9fdc18c51fd24236f61a9579ef3c1e983ca0,DELETE,regular-file,assets/ext/spritespin/page/images/3d/sample-10-21.jpg,20055,
4853d6920cf83d86335ab380c6403a8579fe17a4,DELETE,regular-file,assets/ext/spritespin/page/images/3d/sample-10-22.jpg,21443,
b8e7ad60c0c6e2daf01d7c61eb17c3e112559332,DELETE,regular-file,assets/ext/spritespin/page/images/3d/sample-10-23.jpg,22047,
0bc917edcec47bfd9e6bfcbd929094ea59849f95,DELETE,regular-file,assets/ext/spritespin/page/images/3d/sample-11-00.jpg,22370,
5bafedf53f42c4292c76897fc4e2e8563e92e61a,DELETE,regular-file,assets/ext/spritespin/page/images/3d/sample-11-01.jpg,22680,
8ba9162c1e803fcd8c0ff3b011488e5395599d37,DELETE,regular-file,assets/ext/spritespin/page/images/3d/sample-11-02.jpg,21726,
033b1c7ae13414b47f143a4a288e9c1fcd6ca21e,DELETE,regular-file,assets/ext/spritespin/page/images/3d/sample-11-03.jpg,20275,
d68be5e3302670f40f4c2ba857b15134c8ff4552,DELETE,regular-file,assets/ext/spritespin/page/images/3d/sample-11-04.jpg,18867,
bf9d70e16f59254cfb9036f74e83a7fbce2940ef,DELETE,regular-file,assets/ext/spritespin/page/images/3d/sample-11-05.jpg,17555,
70fc4bb372b586427e33b1c5fa42d9b72a84e41b,DELETE,regular-file,assets/ext/spritespin/page/images/3d/sample-11-06.jpg,17152,
1746894c6370bb0a6d4c0a08de80fbe62b224455,DELETE,regular-file,assets/ext/spritespin/page/images/3d/sample-11-07.jpg,17630,
88b34cace0c9f8e62340ec612f47967c91bb2a1e,DELETE,regular-file,assets/ext/spritespin/page/images/3d/sample-11-08.jpg,18829,
08cd0a8ba130e02fce636e76590d4db88bcca8b8,DELETE,regular-file,assets/ext/spritespin/page/images/3d/sample-11-09.jpg,20215,
d4465ed13abead38382efecc09ebc3d1dba294ff,DELETE,regular-file,assets/ext/spritespin/page/images/3d/sample-11-10.jpg,21745,
8c15bdca50174c312eeeee330283e72c1821fd1d,DELETE,regular-file,assets/ext/spritespin/page/images/3d/sample-11-11.jpg,22636,
e616374e140b6ff5015ed4fff2ac2c87cdb30daa,DELETE,regular-file,assets/ext/spritespin/page/images/3d/sample-11-12.jpg,22331,
4fb1618072cf85521880753189764d430829c0db,DELETE,regular-file,assets/ext/spritespin/page/images/3d/sample-11-13.jpg,22889,
11bfef14099b9d84e9f5f191807544b83550e6aa,DELETE,regular-file,assets/ext/spritespin/page/images/3d/sample-11-14.jpg,21987,
fa7fc2e32e2a2033e98a617d024fcb9a3ab0070b,DELETE,regular-file,assets/ext/spritespin/page/images/3d/sample-11-15.jpg,20469,
66ad44b94fac350705cbf19669352a7f0e0d320c,DELETE,regular-file,assets/ext/spritespin/page/images/3d/sample-11-16.jpg,18879,
bea96b2dcfc99e315d991ac3e96ba7bae7326dc7,DELETE,regular-file,assets/ext/spritespin/page/images/3d/sample-11-17.jpg,17663,
8bb598c65bafeeb07c336b1c87eed99981135368,DELETE,regular-file,assets/ext/spritespin/page/images/3d/sample-11-18.jpg,17096,
f26755590fd385787cc98972a0545b181d70eba1,DELETE,regular-file,assets/ext/spritespin/page/images/3d/sample-11-19.jpg,17693,
158b317368fcf42eef2058875c4108da59934f95,DELETE,regular-file,assets/ext/spritespin/page/images/3d/sample-11-20.jpg,18829,
3b7b4e14d8c2190e9d5e58388e425c17d9ae1ebc,DELETE,regular-file,assets/ext/spritespin/page/images/3d/sample-11-21.jpg,20377,
f176ab1c279389532ba37cc7d6a5deef1b329e41,DELETE,regular-file,assets/ext/spritespin/page/images/3d/sample-11-22.jpg,22061,
549028013d7c7e8b3e2b4c98a1fd1663e49bd6cc,DELETE,regular-file,assets/ext/spritespin/page/images/3d/sample-11-23.jpg,22898,
c5adf3286c28b7d27c985d861534bb0a5c369671,DELETE,regular-file,assets/ext/spritespin/page/images/3d1/sample-00-00.jpg,24487,
2819289979f7c7f6b8ab5c868555e5181c695079,DELETE,regular-file,assets/ext/spritespin/page/images/3d1/sample-00-01.jpg,25197,
ee90a96c580fd6c3c2566dc5d9d02c4b97b634a1,DELETE,regular-file,assets/ext/spritespin/page/images/3d1/sample-00-02.jpg,24557,
42314409f4b9e2e1f14a84380cfadf434e8c0b05,DELETE,regular-file,assets/ext/spritespin/page/images/3d1/sample-00-03.jpg,23352,
7be67b300f3bae85a525f0622d814353de1fcd21,DELETE,regular-file,assets/ext/spritespin/page/images/3d1/sample-00-04.jpg,22479,
21c048debba2ee9777a749ab834c2176dfd77a21,DELETE,regular-file,assets/ext/spritespin/page/images/3d1/sample-00-05.jpg,21196,
2bb1af9dceb7490bed4129848d05d4aef91a4203,DELETE,regular-file,assets/ext/spritespin/page/images/3d1/sample-00-06.jpg,20469,
76834d7e1d65813e1de6fd0f032607ba99adacdf,DELETE,regular-file,assets/ext/spritespin/page/images/3d1/sample-00-07.jpg,21223,
23cdc1b4dcf101a76385a2de8abcf4eb8fef3bde,DELETE,regular-file,assets/ext/spritespin/page/images/3d1/sample-00-08.jpg,22512,
a895297c32295c257208e2c18ed9b6dbb4ffd939,DELETE,regular-file,assets/ext/spritespin/page/images/3d1/sample-00-09.jpg,23348,
11ee6620e2080d67cdbe7c0057480dc1ee18645f,DELETE,regular-file,assets/ext/spritespin/page/images/3d1/sample-00-10.jpg,24608,
91a171d716f394867655f02827bcb6fb864dd501,DELETE,regular-file,assets/ext/spritespin/page/images/3d1/sample-00-11.jpg,25190,
c9c44c4981428ff697a2f0b7c344422168526d82,DELETE,regular-file,assets/ext/spritespin/page/images/3d1/sample-00-12.jpg,24490,
51b35179bbb9c34ec965a17b6a819c9b8c51091b,DELETE,regular-file,assets/ext/spritespin/page/images/3d1/sample-00-13.jpg,25148,
09d126585ca0860156be6760a37be51d2f85591b,DELETE,regular-file,assets/ext/spritespin/page/images/3d1/sample-00-14.jpg,24545,
43a463d576c45fd3eb400484e5d1459d38a70c2a,DELETE,regular-file,assets/ext/spritespin/page/images/3d1/sample-00-15.jpg,23326,
a0611326708edc676f24c68d78eaf47b63e4e895,DELETE,regular-file,assets/ext/spritespin/page/images/3d1/sample-00-16.jpg,22577,
2a52b7da82bd0feffa41d5dcd004c3f915a58f93,DELETE,regular-file,assets/ext/spritespin/page/images/3d1/sample-00-17.jpg,21084,
959227a024a472e0c6a890bd60c76267072d16fa,DELETE,regular-file,assets/ext/spritespin/page/images/3d1/sample-00-18.jpg,20348,
76c7f904525019caaba398e3d65e6ea6f133e651,DELETE,regular-file,assets/ext/spritespin/page/images/3d1/sample-00-19.jpg,21128,
7886f1de8313fbc01f00da5a19b51bbca4fef218,DELETE,regular-file,assets/ext/spritespin/page/images/3d1/sample-00-20.jpg,22539,
c4591764d65aede0755f046b18af4961ce89bbc1,DELETE,regular-file,assets/ext/spritespin/page/images/3d1/sample-00-21.jpg,23307,
0bdc11ff2d44969cb2895f14d73428bca94aafa5,DELETE,regular-file,assets/ext/spritespin/page/images/3d1/sample-00-22.jpg,24514,
35810764257183290fc7a6a9763ae4078da4d883,DELETE,regular-file,assets/ext/spritespin/page/images/3d1/sample-00-23.jpg,25196,
7122f674d4077efecfad7562536fff21ce6f992c,DELETE,regular-file,assets/ext/spritespin/page/images/3d1/sample-01-00.jpg,24983,
216c3b4df5faa690069515ba24cbb17478100842,DELETE,regular-file,assets/ext/spritespin/page/images/3d1/sample-01-01.jpg,25278,
83dc20b127d53321030513674d23ed9e0d91ab76,DELETE,regular-file,assets/ext/spritespin/page/images/3d1/sample-01-02.jpg,25109,
33527363e9b7ecf822d1c524c7d1242556d0f61b,DELETE,regular-file,assets/ext/spritespin/page/images/3d1/sample-01-03.jpg,23754,
63467e41bd9d2ccfcaf7e8cbc1ce2c9f7177151d,DELETE,regular-file,assets/ext/spritespin/page/images/3d1/sample-01-04.jpg,23021,
13521a6c7b9a9123c7e073137056b4db4f7bc707,DELETE,regular-file,assets/ext/spritespin/page/images/3d1/sample-01-05.jpg,21504,
5d351e63af87306eac9a0cca3e4a7d818987377d,DELETE,regular-file,assets/ext/spritespin/page/images/3d1/sample-01-06.jpg,20119,
e331f6388bd93b11d7560c3eb57cd36992a2525b,DELETE,regular-file,assets/ext/spritespin/page/images/3d1/sample-01-07.jpg,21473,
99cd68e68f168940a7bd50b505b433609bfc3c9b,DELETE,regular-file,assets/ext/spritespin/page/images/3d1/sample-01-08.jpg,23018,
ccf2dd447f6ff316cc893d08f00ccc4fc2441803,DELETE,regular-file,assets/ext/spritespin/page/images/3d1/sample-01-09.jpg,23675,
1ff9fcd996eb93c8a81453001a6f0d5572ce8e14,DELETE,regular-file,assets/ext/spritespin/page/images/3d1/sample-01-10.jpg,25114,
328b2934f4f44bc2adf8aa67494a4f90cc134317,DELETE,regular-file,assets/ext/spritespin/page/images/3d1/sample-01-11.jpg,25301,
098f5f379942847026acc1908091502e29636523,DELETE,regular-file,assets/ext/spritespin/page/images/3d1/sample-01-12.jpg,24944,
d2f9109f937b3273893df4b51eda0dd70fe428eb,DELETE,regular-file,assets/ext/spritespin/page/images/3d1/sample-01-13.jpg,25424,
cd0f22aff0ce59a409f9cc433d037401489d941e,DELETE,regular-file,assets/ext/spritespin/page/images/3d1/sample-01-14.jpg,25233,
27c0c444e15c5250470f51dac51bd31414d57af8,DELETE,regular-file,assets/ext/spritespin/page/images/3d1/sample-01-15.jpg,23749,
7824800d858d095e6ffb49f8330f6345b768baef,DELETE,regular-file,assets/ext/spritespin/page/images/3d1/sample-01-16.jpg,23045,
c5f249c2ea24866c05c8ab661958cee3d4e483f7,DELETE,regular-file,assets/ext/spritespin/page/images/3d1/sample-01-17.jpg,21251,
27ae5805c8306794bdebec65e7bf0d800790ace5,DELETE,regular-file,assets/ext/spritespin/page/images/3d1/sample-01-18.jpg,19949,
adc874aff8ac00f64c0949c2fcbabf4ecba6a3bb,DELETE,regular-file,assets/ext/spritespin/page/images/3d1/sample-01-19.jpg,21229,
95167d0ef669161b6c391cc2704f15b20386db3e,DELETE,regular-file,assets/ext/spritespin/page/images/3d1/sample-01-20.jpg,22999,
d5be48072423c6a562bd6ef66bc1f2741c8ad261,DELETE,regular-file,assets/ext/spritespin/page/images/3d1/sample-01-21.jpg,23705,
ab4d28ae09d747ded3cf0b3d47960ebf1bb1f414,DELETE,regular-file,assets/ext/spritespin/page/images/3d1/sample-01-22.jpg,25262,
ee9a27e62b7678b5d04f0d9c3c2631f3630fb4c0,DELETE,regular-file,assets/ext/spritespin/page/images/3d1/sample-01-23.jpg,25414,
6a9f923ccd403c4c397264de99a51622e04e122b,DELETE,regular-file,assets/ext/spritespin/page/images/3d1/sample-02-00.jpg,25719,
ae58a190ce2b63724f64a7bffbe745fda5d80b5e,DELETE,regular-file,assets/ext/spritespin/page/images/3d1/sample-02-01.jpg,25826,
f24ee76ed44e6ea694f9a569763f127af939d84c,DELETE,regular-file,assets/ext/spritespin/page/images/3d1/sample-02-02.jpg,25387,
d964009630ac31263e9751e97eefe35a37aba788,DELETE,regular-file,assets/ext/spritespin/page/images/3d1/sample-02-03.jpg,23808,
8f3b65777601dd39bb141b06c89ac45aab07a097,DELETE,regular-file,assets/ext/spritespin/page/images/3d1/sample-02-04.jpg,23146,
023041cdd7c5c0773a570895f400e9f7ccbc725d,DELETE,regular-file,assets/ext/spritespin/page/images/3d1/sample-02-05.jpg,21013,
8918cc9b4c8220a5eeedbb56dc894cc7a22471bd,DELETE,regular-file,assets/ext/spritespin/page/images/3d1/sample-02-06.jpg,19818,
650be141edf4ce70ca82c8a9aa0ae7e7b111fa09,DELETE,regular-file,assets/ext/spritespin/page/images/3d1/sample-02-07.jpg,20973,
fc22d270ec89905b050ce3284c8a5a396a401ae2,DELETE,regular-file,assets/ext/spritespin/page/images/3d1/sample-02-08.jpg,23045,
5ee73f797e958cb4dc0195b79e59fb9bd71287bd,DELETE,regular-file,assets/ext/spritespin/page/images/3d1/sample-02-09.jpg,23839,
452247d1596683364c9b845b960cfbf0179df583,DELETE,regular-file,assets/ext/spritespin/page/images/3d1/sample-02-10.jpg,25355,
db1b38e57a7f98233a6b9beb40ba8aea1837be46,DELETE,regular-file,assets/ext/spritespin/page/images/3d1/sample-02-11.jpg,25940,
a7a40cd15a3548b8db6f3ca797682a9bf31a558d,DELETE,regular-file,assets/ext/spritespin/page/images/3d1/sample-02-12.jpg,25658,
da086e1046d7bee2256c767eaa73b8502134c1c6,DELETE,regular-file,assets/ext/spritespin/page/images/3d1/sample-02-13.jpg,26179,
ab791f9c7aa51a7a088d2ac3952a1bc437c89701,DELETE,regular-file,assets/ext/spritespin/page/images/3d1/sample-02-14.jpg,25950,
9f5e460f218e5bbd68f9d1543eab24bb5dbcb965,DELETE,regular-file,assets/ext/spritespin/page/images/3d1/sample-02-15.jpg,24201,
21e7bd3f2c60dcbea572412b0ac92c7c474400b0,DELETE,regular-file,assets/ext/spritespin/page/images/3d1/sample-02-16.jpg,23585,
e9eec99bc6a5d212e855f800fe50887e7310b0c7,DELETE,regular-file,assets/ext/spritespin/page/images/3d1/sample-02-17.jpg,21441,
8e4dfa0f4bdc011cc0e3299360d1927c7bcbd654,DELETE,regular-file,assets/ext/spritespin/page/images/3d1/sample-02-18.jpg,20073,
66547a7e7146f24d76cbf1931d74959bd5e25b44,DELETE,regular-file,assets/ext/spritespin/page/images/3d1/sample-02-19.jpg,21429,
d2a55ddc0a203d57c0056746e0fc43f47929cb84,DELETE,regular-file,assets/ext/spritespin/page/images/3d1/sample-02-20.jpg,23435,
02074234d7787ee40a6a6d5d51853673e153b5cf,DELETE,regular-file,assets/ext/spritespin/page/images/3d1/sample-02-21.jpg,24140,
2c7c6fb63d2df9a0912e53a2118641f20bba1b28,DELETE,regular-file,assets/ext/spritespin/page/images/3d1/sample-02-22.jpg,25995,
d41d56ca1b917b5465a7376d14c5fe5ca30fe2bf,DELETE,regular-file,assets/ext/spritespin/page/images/3d1/sample-02-23.jpg,26171,
0d9fcc58af247943f6a3ae9184e807e92dc5e481,DELETE,regular-file,assets/ext/spritespin/page/images/3d1/sample-03-00.jpg,27427,
0cc06415eccbe650710560d4c56eb8b13ca9a996,DELETE,regular-file,assets/ext/spritespin/page/images/3d1/sample-03-01.jpg,27267,
a5c96887e82f0526b758d5770b4d9127de3be589,DELETE,regular-file,assets/ext/spritespin/page/images/3d1/sample-03-02.jpg,26615,
c4736450e29eeb6f7bf80d7431f7a4f4c47a7298,DELETE,regular-file,assets/ext/spritespin/page/images/3d1/sample-03-03.jpg,24651,
89e8f2e2c7b22194acfe3c226477e786ccb5df1a,DELETE,regular-file,assets/ext/spritespin/page/images/3d1/sample-03-04.jpg,22798,
0e720c86c42b2a46a6c43a3d204fcc6547002c92,DELETE,regular-file,assets/ext/spritespin/page/images/3d1/sample-03-05.jpg,21452,
847e56ab767faad33890dcedb43eab88d12d7717,DELETE,regular-file,assets/ext/spritespin/page/images/3d1/sample-03-06.jpg,19735,
a6195aad6b6c3509d27d16e44976c554c1e1d416,DELETE,regular-file,assets/ext/spritespin/page/images/3d1/sample-03-07.jpg,21501,
f38948e1ac3a70dc537855b463b2038e8e9580eb,DELETE,regular-file,assets/ext/spritespin/page/images/3d1/sample-03-08.jpg,22826,
55c50d91355764ca577755b6dfab47ef5b2961c2,DELETE,regular-file,assets/ext/spritespin/page/images/3d1/sample-03-09.jpg,24614,
bc47476eda0f26c651a38814919f1e333ab381a9,DELETE,regular-file,assets/ext/spritespin/page/images/3d1/sample-03-10.jpg,26575,
70fbc0625dfe3f87f896a576775eab84135eebd5,DELETE,regular-file,assets/ext/spritespin/page/images/3d1/sample-03-11.jpg,27250,
c9e9f768f99f5e5653c315a936952dbb313c5cb3,DELETE,regular-file,assets/ext/spritespin/page/images/3d1/sample-03-12.jpg,27443,
c861a2e3d50621dc6653cb59c25b9b0d42f7f915,DELETE,regular-file,assets/ext/spritespin/page/images/3d1/sample-03-13.jpg,27946,
46fe51927144e9cca66aef2f8907f6a5e90e2ccb,DELETE,regular-file,assets/ext/spritespin/page/images/3d1/sample-03-14.jpg,27941,
dd299241f72b49599416293e6ee9138568c2d06e,DELETE,regular-file,assets/ext/spritespin/page/images/3d1/sample-03-15.jpg,26002,
a1a6c990c7736e59c67661c772ca1fbca90593c7,DELETE,regular-file,assets/ext/spritespin/page/images/3d1/sample-03-16.jpg,24257,
7846b86269dc8ff94906264d4f135f122afccd81,DELETE,regular-file,assets/ext/spritespin/page/images/3d1/sample-03-17.jpg,22837,
5266c511c0eee44bfe3a0b21b76847419477489b,DELETE,regular-file,assets/ext/spritespin/page/images/3d1/sample-03-18.jpg,21226,
1b176a5b47d29d016bfae8f0bd2fe1d41248d326,DELETE,regular-file,assets/ext/spritespin/page/images/3d1/sample-03-19.jpg,22788,
28f03a9f0d01f02a3a451317ed4082d6f0ff4f24,DELETE,regular-file,assets/ext/spritespin/page/images/3d1/sample-03-20.jpg,24118,
e6fc2c8fa6fb72502bb01a9e1e05d1ad32212eb3,DELETE,regular-file,assets/ext/spritespin/page/images/3d1/sample-03-21.jpg,25916,
3ac953ce67834efe64aa225c6648370ce072f931,DELETE,regular-file,assets/ext/spritespin/page/images/3d1/sample-03-22.jpg,27882,
c259008ca6378be3a820eddb162b00961c17abee,DELETE,regular-file,assets/ext/spritespin/page/images/3d1/sample-03-23.jpg,28047,
98c2c959c9753cd50d600c5292e1e0a70e491100,DELETE,regular-file,assets/ext/spritespin/page/images/3d1/sample-04-00.jpg,29552,
ffabe65723e5230b04b251addbd3a150905655e4,DELETE,regular-file,assets/ext/spritespin/page/images/3d1/sample-04-01.jpg,29427,
6a464c0d7f3462d01ac5a63f1783643a8c578fbf,DELETE,regular-file,assets/ext/spritespin/page/images/3d1/sample-04-02.jpg,28397,
8add685323cf35fe5bc97d17c0419763d7143040,DELETE,regular-file,assets/ext/spritespin/page/images/3d1/sample-04-03.jpg,25344,
b9c175339c4f15c04dad9c92598a9d6d98f5f944,DELETE,regular-file,assets/ext/spritespin/page/images/3d1/sample-04-04.jpg,22505,
b490a705ec8f1b32685a0085552355fb35c38844,DELETE,regular-file,assets/ext/spritespin/page/images/3d1/sample-04-05.jpg,19360,
bb54ec3bca35c49162068c5db1e862b809328a73,DELETE,regular-file,assets/ext/spritespin/page/images/3d1/sample-04-06.jpg,18224,
75aa9b208f9190e6b41624a8f344515b248cbb29,DELETE,regular-file,assets/ext/spritespin/page/images/3d1/sample-04-07.jpg,19418,
88f324e892407a440248f79cef5d0e1bae9f8240,DELETE,regular-file,assets/ext/spritespin/page/images/3d1/sample-04-08.jpg,22460,
0adb6ee238863acbad1bee2f89cc3105118d5c6c,DELETE,regular-file,assets/ext/spritespin/page/images/3d1/sample-04-09.jpg,25205,
0996914786d5999d8a2caad6f58d13e08d7f92aa,DELETE,regular-file,assets/ext/spritespin/page/images/3d1/sample-04-10.jpg,28375,
0094a2fbaf1459133e151be4c9e38dcad15ddc2a,DELETE,regular-file,assets/ext/spritespin/page/images/3d1/sample-04-11.jpg,29368,
dfdc3f89bf24b0bb8ba1bec4fa2294d098963233,DELETE,regular-file,assets/ext/spritespin/page/images/3d1/sample-04-12.jpg,29503,
2db559bddf3ca2ff76346326121b1885eedbdb93,DELETE,regular-file,assets/ext/spritespin/page/images/3d1/sample-04-13.jpg,30516,
498e4a1a21e6fb84c09c18096d1fb6bb2b6042bd,DELETE,regular-file,assets/ext/spritespin/page/images/3d1/sample-04-14.jpg,30383,
5964a1b1938137f9f7133bee95321090daf70107,DELETE,regular-file,assets/ext/spritespin/page/images/3d1/sample-04-15.jpg,28018,
5041ce956d46073f24f0f34e335ae613fa2d462f,DELETE,regular-file,assets/ext/spritespin/page/images/3d1/sample-04-16.jpg,25376,
a618c60736084e0d217f3d80262cb4ae66d46bda,DELETE,regular-file,assets/ext/spritespin/page/images/3d1/sample-04-17.jpg,21790,
9bd03b4b987707d30b9e0af4c68e17de4fa70ef1,DELETE,regular-file,assets/ext/spritespin/page/images/3d1/sample-04-18.jpg,21187,
20f02cc4f67f2637457cbcf8bf5f15ab8643ceef,DELETE,regular-file,assets/ext/spritespin/page/images/3d1/sample-04-19.jpg,21908,
2c67d97416cea3a9475286cda03c0931eeb2f463,DELETE,regular-file,assets/ext/spritespin/page/images/3d1/sample-04-20.jpg,25274,
bfa2d3f69f4c9188d24bf6c5344339c32152df05,DELETE,regular-file,assets/ext/spritespin/page/images/3d1/sample-04-21.jpg,27998,
41d9e4b256082b6bb33c21a73d26f174842dfacd,DELETE,regular-file,assets/ext/spritespin/page/images/3d1/sample-04-22.jpg,30332,
053aa380c3654678ee3942144d13c2fbb71d2fe1,DELETE,regular-file,assets/ext/spritespin/page/images/3d1/sample-04-23.jpg,30359,
1954e432e684560d70718a544f41e8563df9157f,DELETE,regular-file,assets/ext/spritespin/page/images/3d1/sample-05-00.jpg,26910,
07ada6ed0b62576479e3b8a3910c3b727b1f3c4a,DELETE,regular-file,assets/ext/spritespin/page/images/3d1/sample-05-01.jpg,27502,
6179c9671496f345aa402a61d6d27d78629f94ca,DELETE,regular-file,assets/ext/spritespin/page/images/3d1/sample-05-02.jpg,25253,
fdd82889b70e367210269b94f491b82e3820ae60,DELETE,regular-file,assets/ext/spritespin/page/images/3d1/sample-05-03.jpg,22687,
f00f9df0a8c3c4e069b0a48a1361daed0aca7151,DELETE,regular-file,assets/ext/spritespin/page/images/3d1/sample-05-04.jpg,20417,
a17712dedd6decb82d1dfb0c9956c4e38a6b1517,DELETE,regular-file,assets/ext/spritespin/page/images/3d1/sample-05-05.jpg,17578,
8c83a400300a35b8bd673f649236d9aec677c500,DELETE,regular-file,assets/ext/spritespin/page/images/3d1/sample-05-06.jpg,19905,
53acdafa17243e93638a3a413c90cbe982c397b9,DELETE,regular-file,assets/ext/spritespin/page/images/3d1/sample-05-07.jpg,17560,
51faa1af0b27c6933543ef6c55da4a594339baa8,DELETE,regular-file,assets/ext/spritespin/page/images/3d1/sample-05-08.jpg,20386,
29abb8b7b0dd5a5eeb9427dffe6dddd707d85714,DELETE,regular-file,assets/ext/spritespin/page/images/3d1/sample-05-09.jpg,22643,
c5cc65735e5802750c8c83115ae40a943e939f6e,DELETE,regular-file,assets/ext/spritespin/page/images/3d1/sample-05-10.jpg,25181,
debc61006f068008a73a365de77d663246e80f89,DELETE,regular-file,assets/ext/spritespin/page/images/3d1/sample-05-11.jpg,27267,
10ff07ec59b48eb0c42dcab085aaad17c8e38778,DELETE,regular-file,assets/ext/spritespin/page/images/3d1/sample-05-12.jpg,26888,
f77c0a6108956ab71357f7fcc07f9aec995218e8,DELETE,regular-file,assets/ext/spritespin/page/images/3d1/sample-05-13.jpg,28309,
eae30bac3fe45ebabbbcd54363e5f887a7fc5503,DELETE,regular-file,assets/ext/spritespin/page/images/3d1/sample-05-14.jpg,27237,
691c9ac61713575f1e257d8957a7444e0fa7fa09,DELETE,regular-file,assets/ext/spritespin/page/images/3d1/sample-05-15.jpg,25928,
d79cf06ddbf107f241a9e54d8bc742809c2aa1fd,DELETE,regular-file,assets/ext/spritespin/page/images/3d1/sample-05-16.jpg,23521,
063a5812cf87285ad27b2d9308cbf253c1f01f10,DELETE,regular-file,assets/ext/spritespin/page/images/3d1/sample-05-17.jpg,18955,
7cbca18c913f22f2d83c48a7d62c1e8c89c1d3a6,DELETE,regular-file,assets/ext/spritespin/page/images/3d1/sample-05-18.jpg,20249,
de171428de6a2b821cb99ab4a494123db6ed6ee8,DELETE,regular-file,assets/ext/spritespin/page/images/3d1/sample-05-19.jpg,18988,
e26e515884cdc4d9b5b7047f5a88209e2b605b2c,DELETE,regular-file,assets/ext/spritespin/page/images/3d1/sample-05-20.jpg,23467,
d4ca7cc8aef365d3bd8b15f809bfdb44a6bb98c0,DELETE,regular-file,assets/ext/spritespin/page/images/3d1/sample-05-21.jpg,25926,
e8fe0061b69900ef5df190f774af955292b7be87,DELETE,regular-file,assets/ext/spritespin/page/images/3d1/sample-05-22.jpg,27204,
2e3700624d8833a44497fd10cf6ae250b0387cba,DELETE,regular-file,assets/ext/spritespin/page/images/3d1/sample-05-23.jpg,28211,
6684f5213e7af360c396623486beb54e19d561fa,DELETE,regular-file,assets/ext/spritespin/page/images/3d1/sample-06-00.jpg,26509,
ba54cd8ddd3b6decf5e3e819548dfdf41d431db9,DELETE,regular-file,assets/ext/spritespin/page/images/3d1/sample-06-01.jpg,26655,
0764f7e8e72e2a3bbecf9eecc81f39b3df2ac6e5,DELETE,regular-file,assets/ext/spritespin/page/images/3d1/sample-06-02.jpg,24860,
4c0d51bea9bd126327fb795b1d48fe2e61896aec,DELETE,regular-file,assets/ext/spritespin/page/images/3d1/sample-06-03.jpg,22692,
8cab48f56b8dc4e6c113cc0f58bc15ec2ac6fb80,DELETE,regular-file,assets/ext/spritespin/page/images/3d1/sample-06-04.jpg,20303,
24988a4089eb5c43b1488e46936d1e847944adf8,DELETE,regular-file,assets/ext/spritespin/page/images/3d1/sample-06-05.jpg,17657,
75bd58422f2a67362180177ceecc85099eb98d59,DELETE,regular-file,assets/ext/spritespin/page/images/3d1/sample-06-06.jpg,20028,
c15add18ecba9f8dac82bd366ed7522334214b4f,DELETE,regular-file,assets/ext/spritespin/page/images/3d1/sample-06-07.jpg,17688,
a521a1365f97f212578a90dc6332f4d952d51109,DELETE,regular-file,assets/ext/spritespin/page/images/3d1/sample-06-08.jpg,20286,
a968e3bfce5fb1bd33abdad8e0a7441280b347a7,DELETE,regular-file,assets/ext/spritespin/page/images/3d1/sample-06-09.jpg,22557,
f9f61cab9da177be4f534a663c6dfe41496efda2,DELETE,regular-file,assets/ext/spritespin/page/images/3d1/sample-06-10.jpg,24865,
abe41de8b630c5a95f824f3d1f9b5bc056c8ce96,DELETE,regular-file,assets/ext/spritespin/page/images/3d1/sample-06-11.jpg,26634,
df85ac5eb6253e1d57a28c762cc2186d1e52372d,DELETE,regular-file,assets/ext/spritespin/page/images/3d1/sample-06-12.jpg,26423,
30561d73f02dfcac911cb80c499d853e19c2eff9,DELETE,regular-file,assets/ext/spritespin/page/images/3d1/sample-06-13.jpg,27610,
696b6b62e663d91fc82f2274c7e395234464909b,DELETE,regular-file,assets/ext/spritespin/page/images/3d1/sample-06-14.jpg,26861,
bf85d8de9b09894768c5a957fcffed8fd027d8fe,DELETE,regular-file,assets/ext/spritespin/page/images/3d1/sample-06-15.jpg,26330,
dd73f5f06e04c3152c2f1e16c06ca4de33a7b96b,DELETE,regular-file,assets/ext/spritespin/page/images/3d1/sample-06-16.jpg,24336,
afd2c3e10f49e410fc4a5292602b2b764d608fcd,DELETE,regular-file,assets/ext/spritespin/page/images/3d1/sample-06-17.jpg,20197,
17a7ad1759bca905a786cf528d0e0eb69b6b7710,DELETE,regular-file,assets/ext/spritespin/page/images/3d1/sample-06-18.jpg,21618,
c46308421931d328b6a88c51e7d29f8c5ab9e128,DELETE,regular-file,assets/ext/spritespin/page/images/3d1/sample-06-19.jpg,20234,
e49512bcc2f6cd61ae347d92fc54c1b92d4680c3,DELETE,regular-file,assets/ext/spritespin/page/images/3d1/sample-06-20.jpg,24298,
b0647a85519cf471d14dd9cfc520e9e7b8a45fb1,DELETE,regular-file,assets/ext/spritespin/page/images/3d1/sample-06-21.jpg,26276,
20a2fb8948563a720fdc961048ed5d8bef8fc882,DELETE,regular-file,assets/ext/spritespin/page/images/3d1/sample-06-22.jpg,26859,
0bb6e4a39a892095bf58f3b620b9a70ec98c7e74,DELETE,regular-file,assets/ext/spritespin/page/images/3d1/sample-06-23.jpg,27532,
2e16e37269e5be261d156600f12314d789c391c9,DELETE,regular-file,assets/ext/spritespin/page/images/3d1/sample-07-00.jpg,28992,
49e8038bdad8219060d81323344094e5ada76fb3,DELETE,regular-file,assets/ext/spritespin/page/images/3d1/sample-07-01.jpg,28078,
7665fd834050e51f3f35a22a80b1c2fc66d89282,DELETE,regular-file,assets/ext/spritespin/page/images/3d1/sample-07-02.jpg,27436,
779ebbd591ac548410d438523ae66b54b1e4c148,DELETE,regular-file,assets/ext/spritespin/page/images/3d1/sample-07-03.jpg,24696,
e1b49f7883ce19528783fc547ca2ace562d2a58b,DELETE,regular-file,assets/ext/spritespin/page/images/3d1/sample-07-04.jpg,22072,
475d22ab752dfc3b213300a1513d484790ed89de,DELETE,regular-file,assets/ext/spritespin/page/images/3d1/sample-07-05.jpg,19186,
274f15df139fed120a53a08c3810d971125a01af,DELETE,regular-file,assets/ext/spritespin/page/images/3d1/sample-07-06.jpg,18186,
d33b63def2351eea336594a31b4b8cd2dcbbca07,DELETE,regular-file,assets/ext/spritespin/page/images/3d1/sample-07-07.jpg,19219,
ffb075dfc5e008581332a2aababbb3451e373fe0,DELETE,regular-file,assets/ext/spritespin/page/images/3d1/sample-07-08.jpg,22017,
f5999d6723dbc00a863faf847d878b61b3070fcd,DELETE,regular-file,assets/ext/spritespin/page/images/3d1/sample-07-09.jpg,24660,
8c70d05881d8e602e6dd6014bb33346f5fdea14f,DELETE,regular-file,assets/ext/spritespin/page/images/3d1/sample-07-10.jpg,27400,
223a70906f5f4ee3e7741b2462e9983260b123d0,DELETE,regular-file,assets/ext/spritespin/page/images/3d1/sample-07-11.jpg,27986,
e18ff78fd4b787cedcd5dcae58220dff5498c360,DELETE,regular-file,assets/ext/spritespin/page/images/3d1/sample-07-12.jpg,28966,
e3d6223a700dd242466b83451c4f441708bb3772,DELETE,regular-file,assets/ext/spritespin/page/images/3d1/sample-07-13.jpg,29350,
120f9147f2c562b2577265556c4cd5cd997fd6b4,DELETE,regular-file,assets/ext/spritespin/page/images/3d1/sample-07-14.jpg,29566,
b939ea4c745fc19a100caf856cb4b12f5a1adb9c,DELETE,regular-file,assets/ext/spritespin/page/images/3d1/sample-07-15.jpg,28281,
47a6254eb4b4d9645b262b8f62ed0c70b575bd78,DELETE,regular-file,assets/ext/spritespin/page/images/3d1/sample-07-16.jpg,26492,
c288fa0d7628691b8cc57139210cb1338abb7a44,DELETE,regular-file,assets/ext/spritespin/page/images/3d1/sample-07-17.jpg,23674,
df8ada35b4d29de8b339c8670e7aef1a4110d3dd,DELETE,regular-file,assets/ext/spritespin/page/images/3d1/sample-07-18.jpg,23214,
9c4dd349973a9410c95cd68edf4828ebfc8f04cc,DELETE,regular-file,assets/ext/spritespin/page/images/3d1/sample-07-19.jpg,23809,
f0d20c70849846ce1bd877da6f081115b81e9644,DELETE,regular-file,assets/ext/spritespin/page/images/3d1/sample-07-20.jpg,26379,
7bcb953e371509d954a2a91089a18478f4c623fa,DELETE,regular-file,assets/ext/spritespin/page/images/3d1/sample-07-21.jpg,28216,
91ba3521b7971e0a4557d30776afc2fc8d72b415,DELETE,regular-file,assets/ext/spritespin/page/images/3d1/sample-07-22.jpg,29461,
19a8c63bf952018c8eca8eece467565fd0d537cc,DELETE,regular-file,assets/ext/spritespin/page/images/3d1/sample-07-23.jpg,29167,
e8a42f149d897a2668fbc811833ee544ab94dc8e,DELETE,regular-file,assets/ext/spritespin/page/images/3d1/sample-08-00.jpg,25661,
9d62ce3b3ca853efc13815b30aa0f0603e1b9ff3,DELETE,regular-file,assets/ext/spritespin/page/images/3d1/sample-08-01.jpg,25434,
7b7c67c8cfed890e3e39fd98ee7281744250fa56,DELETE,regular-file,assets/ext/spritespin/page/images/3d1/sample-08-02.jpg,24374,
b6342e341a408b3687af15f4792258098b9f7e07,DELETE,regular-file,assets/ext/spritespin/page/images/3d1/sample-08-03.jpg,22690,
768f37aa560965679d34c12e7303714763cb865a,DELETE,regular-file,assets/ext/spritespin/page/images/3d1/sample-08-04.jpg,21347,
4232f6b54ce56556165ea069b8a809195d1b4340,DELETE,regular-file,assets/ext/spritespin/page/images/3d1/sample-08-05.jpg,20598,
c58960944cadc087e23ceb0132299d0f00a72a12,DELETE,regular-file,assets/ext/spritespin/page/images/3d1/sample-08-06.jpg,19170,
523cee088b5984fb8ec1d0ce80298977825e5971,DELETE,regular-file,assets/ext/spritespin/page/images/3d1/sample-08-07.jpg,20594,
084621003502e09a9b26ddeab6bbdc7092fccb28,DELETE,regular-file,assets/ext/spritespin/page/images/3d1/sample-08-08.jpg,21347,
58bae0758e12736922d6feddf0b2b5ae6945d1b2,DELETE,regular-file,assets/ext/spritespin/page/images/3d1/sample-08-09.jpg,22694,
4fc7485fc61006189bcd16f5204585487e3c0bc2,DELETE,regular-file,assets/ext/spritespin/page/images/3d1/sample-08-10.jpg,24308,
def9037bb0386d7b5e07739cba4040f7da83bcca,DELETE,regular-file,assets/ext/spritespin/page/images/3d1/sample-08-11.jpg,25351,
95ace4b371bfe683b0e5642524670234c5d19344,DELETE,regular-file,assets/ext/spritespin/page/images/3d1/sample-08-12.jpg,25640,
74b6f59d5a105334150ce723d704cd0d9957a4f3,DELETE,regular-file,assets/ext/spritespin/page/images/3d1/sample-08-13.jpg,26390,
870ec91b61f07b2b32e3837875ec2f1176160213,DELETE,regular-file,assets/ext/spritespin/page/images/3d1/sample-08-14.jpg,26005,
218fd676a0a05993c6a3b8a5e72387065d5e6890,DELETE,regular-file,assets/ext/spritespin/page/images/3d1/sample-08-15.jpg,24625,
95c34cacc79bdbf2410780e297cb8b1cd39be657,DELETE,regular-file,assets/ext/spritespin/page/images/3d1/sample-08-16.jpg,23314,
b4384c155ceee652dc1a5c9e2577825e14e027aa,DELETE,regular-file,assets/ext/spritespin/page/images/3d1/sample-08-17.jpg,22671,
866409683bebf77da7792df5a06dcd0761fbcce9,DELETE,regular-file,assets/ext/spritespin/page/images/3d1/sample-08-18.jpg,21118,
4e8000e6b474b0bac52ad7f3c69cfe3b26e92a7a,DELETE,regular-file,assets/ext/spritespin/page/images/3d1/sample-08-19.jpg,22627,
d742e2ec4049437072f961a9815af3b4cdcd0f32,DELETE,regular-file,assets/ext/spritespin/page/images/3d1/sample-08-20.jpg,23374,
c109a8e347ed0c3224ae9bc5f2a8dc7d11c890a1,DELETE,regular-file,assets/ext/spritespin/page/images/3d1/sample-08-21.jpg,24571,
b22c3a5ac74376cb25e5dec5beb8d985ba38498b,DELETE,regular-file,assets/ext/spritespin/page/images/3d1/sample-08-22.jpg,25915,
37ba4b9fd6684faaf1a54ac2c468fb4fed89ec29,DELETE,regular-file,assets/ext/spritespin/page/images/3d1/sample-08-23.jpg,26432,
e44361d72a58608121cc5fdb6b74595854b04d88,DELETE,regular-file,assets/ext/spritespin/page/images/3d1/sample-09-00.jpg,22700,
71d35e8bacb1ed7f7415672768230b9429836985,DELETE,regular-file,assets/ext/spritespin/page/images/3d1/sample-09-01.jpg,22612,
0f30f335fab74c0934442840fb00e9f961a8c861,DELETE,regular-file,assets/ext/spritespin/page/images/3d1/sample-09-02.jpg,21651,
044aab0c51b3d5ad0ebc6e105ea913caf7103a3f,DELETE,regular-file,assets/ext/spritespin/page/images/3d1/sample-09-03.jpg,20411,
aa6b6fc353edc5635c0fa7684b086349c444feef,DELETE,regular-file,assets/ext/spritespin/page/images/3d1/sample-09-04.jpg,20155,
6dc45cd3bbe20247e3cdfda1e4b6589f73781f70,DELETE,regular-file,assets/ext/spritespin/page/images/3d1/sample-09-05.jpg,19019,
69654a79c7dc9bca2e1bd610e0e14f565db2a5d1,DELETE,regular-file,assets/ext/spritespin/page/images/3d1/sample-09-06.jpg,18610,
34f301ca2ab2c336493792cc6ac9514dc474cb07,DELETE,regular-file,assets/ext/spritespin/page/images/3d1/sample-09-07.jpg,19068,
168386ad29ed570d2d0bee01191091ddbd37d57e,DELETE,regular-file,assets/ext/spritespin/page/images/3d1/sample-09-08.jpg,20086,
0ea89add721672bfcf615b62b43497b5d290e8f9,DELETE,regular-file,assets/ext/spritespin/page/images/3d1/sample-09-09.jpg,20384,
c3b7c0a98d187f9b25a5d0cda82ceab309670f32,DELETE,regular-file,assets/ext/spritespin/page/images/3d1/sample-09-10.jpg,21617,
38207649e8d1835c138fc1c241645e075aca9c07,DELETE,regular-file,assets/ext/spritespin/page/images/3d1/sample-09-11.jpg,22615,
37164aae99b85fe6668a36910c70e1b37143ff11,DELETE,regular-file,assets/ext/spritespin/page/images/3d1/sample-09-12.jpg,22670,
d7c3d9e37ea585670da145f6f514546f5d983951,DELETE,regular-file,assets/ext/spritespin/page/images/3d1/sample-09-13.jpg,23249,
424429a283ae43a0979b71531eaf5a69155b7a22,DELETE,regular-file,assets/ext/spritespin/page/images/3d1/sample-09-14.jpg,22793,
87d000094b4de5ce4426797ca5c32d37b4c40ac8,DELETE,regular-file,assets/ext/spritespin/page/images/3d1/sample-09-15.jpg,21303,
577c71b4ffe7817de3932e8bf31c0a7cd303ab36,DELETE,regular-file,assets/ext/spritespin/page/images/3d1/sample-09-16.jpg,20698,
1ee5beddd1452a600d81a3bd2add980da2bcf700,DELETE,regular-file,assets/ext/spritespin/page/images/3d1/sample-09-17.jpg,19407,
8dbd4c7b0065bf6917d9eab891b5da4eb92d6554,DELETE,regular-file,assets/ext/spritespin/page/images/3d1/sample-09-18.jpg,18514,
5b3533f96cbe2b27834d55c437ca2cc0b27c808b,DELETE,regular-file,assets/ext/spritespin/page/images/3d1/sample-09-19.jpg,19365,
864b0048c296eb3a6af1c10be86c6118a8cd0211,DELETE,regular-file,assets/ext/spritespin/page/images/3d1/sample-09-20.jpg,20757,
d383432dd99d6bb9abaec7b1835924c1bfc195b9,DELETE,regular-file,assets/ext/spritespin/page/images/3d1/sample-09-21.jpg,21318,
bfc3a6a59925c83418a3db99ae9ee3c62d9c4a77,DELETE,regular-file,assets/ext/spritespin/page/images/3d1/sample-09-22.jpg,22688,
1224936521f717ccbecfd39d844802d66e83870e,DELETE,regular-file,assets/ext/spritespin/page/images/3d1/sample-09-23.jpg,23212,
f82ecc796517e037bcf751488c868b9e788624f6,DELETE,regular-file,assets/ext/spritespin/page/images/3d1/sample-10-00.jpg,21556,
a16daee10c9cc114a0fb3992668823cb6d5eb890,DELETE,regular-file,assets/ext/spritespin/page/images/3d1/sample-10-01.jpg,21614,
1000e12a93dcbec28e2e0f7d088812e9176e9acf,DELETE,regular-file,assets/ext/spritespin/page/images/3d1/sample-10-02.jpg,20855,
e42aa6037e732272466c070e41e8d79940450cd6,DELETE,regular-file,assets/ext/spritespin/page/images/3d1/sample-10-03.jpg,19486,
4de9bbe77307315729ef25b3e48dc2ced4b5d98e,DELETE,regular-file,assets/ext/spritespin/page/images/3d1/sample-10-04.jpg,18960,
3ad615db5f4c52742c1a6ba0e6b7351d79c7ff7b,DELETE,regular-file,assets/ext/spritespin/page/images/3d1/sample-10-05.jpg,17892,
236b240df85dc57aa806f347588f7fd09d4bfa13,DELETE,regular-file,assets/ext/spritespin/page/images/3d1/sample-10-06.jpg,17314,
471402c311eba35a758a8b2fdd27ab3fb4c31a7c,DELETE,regular-file,assets/ext/spritespin/page/images/3d1/sample-10-07.jpg,17867,
ab1bb29b051b3fbcb73a03b5c0c7b76a5d901269,DELETE,regular-file,assets/ext/spritespin/page/images/3d1/sample-10-08.jpg,19000,
48930836ae9d3446966d936eda060dcb5efe5320,DELETE,regular-file,assets/ext/spritespin/page/images/3d1/sample-10-09.jpg,19521,
2c98d5d180250845c69ca94adeb371cc973d8410,DELETE,regular-file,assets/ext/spritespin/page/images/3d1/sample-10-10.jpg,20842,
e1f7d171b2afa820b1a5823e9b09a7cfc2d535c1,DELETE,regular-file,assets/ext/spritespin/page/images/3d1/sample-10-11.jpg,21585,
8bef98afc88cf99061cdb106026d56923b6a32ea,DELETE,regular-file,assets/ext/spritespin/page/images/3d1/sample-10-12.jpg,21596,
ec8d8681d426880f2bb8310a74fe237bf1abd8cd,DELETE,regular-file,assets/ext/spritespin/page/images/3d1/sample-10-13.jpg,22101,
e6ffa817c16b686a7873b8fb75edc3a6ef46fbd3,DELETE,regular-file,assets/ext/spritespin/page/images/3d1/sample-10-14.jpg,21439,
c6aaae3af9d5ec6aee6b3ca1b31ee01d2b6a526c,DELETE,regular-file,assets/ext/spritespin/page/images/3d1/sample-10-15.jpg,20008,
297cf0af692090951ac16bc98ecea5edca80ceb9,DELETE,regular-file,assets/ext/spritespin/page/images/3d1/sample-10-16.jpg,19193,
19c02acd46ab4090a09a29bd7aa89e79f34f211c,DELETE,regular-file,assets/ext/spritespin/page/images/3d1/sample-10-17.jpg,18002,
70dfc9dfad24ec06f8dfd2b948cd4c2beccac40a,DELETE,regular-file,assets/ext/spritespin/page/images/3d1/sample-10-18.jpg,17101,
3fcab67b0fff0b79e00568c376d22047b5543cc8,DELETE,regular-file,assets/ext/spritespin/page/images/3d1/sample-10-19.jpg,18036,
d04c152f9071a4f54f9fabc761d28ee7cbbd5b25,DELETE,regular-file,assets/ext/spritespin/page/images/3d1/sample-10-20.jpg,19263,
694e9fdc18c51fd24236f61a9579ef3c1e983ca0,DELETE,regular-file,assets/ext/spritespin/page/images/3d1/sample-10-21.jpg,20055,
4853d6920cf83d86335ab380c6403a8579fe17a4,DELETE,regular-file,assets/ext/spritespin/page/images/3d1/sample-10-22.jpg,21443,
b8e7ad60c0c6e2daf01d7c61eb17c3e112559332,DELETE,regular-file,assets/ext/spritespin/page/images/3d1/sample-10-23.jpg,22047,
0bc917edcec47bfd9e6bfcbd929094ea59849f95,DELETE,regular-file,assets/ext/spritespin/page/images/3d1/sample-11-00.jpg,22370,
5bafedf53f42c4292c76897fc4e2e8563e92e61a,DELETE,regular-file,assets/ext/spritespin/page/images/3d1/sample-11-01.jpg,22680,
8ba9162c1e803fcd8c0ff3b011488e5395599d37,DELETE,regular-file,assets/ext/spritespin/page/images/3d1/sample-11-02.jpg,21726,
033b1c7ae13414b47f143a4a288e9c1fcd6ca21e,DELETE,regular-file,assets/ext/spritespin/page/images/3d1/sample-11-03.jpg,20275,
d68be5e3302670f40f4c2ba857b15134c8ff4552,DELETE,regular-file,assets/ext/spritespin/page/images/3d1/sample-11-04.jpg,18867,
bf9d70e16f59254cfb9036f74e83a7fbce2940ef,DELETE,regular-file,assets/ext/spritespin/page/images/3d1/sample-11-05.jpg,17555,
70fc4bb372b586427e33b1c5fa42d9b72a84e41b,DELETE,regular-file,assets/ext/spritespin/page/images/3d1/sample-11-06.jpg,17152,
1746894c6370bb0a6d4c0a08de80fbe62b224455,DELETE,regular-file,assets/ext/spritespin/page/images/3d1/sample-11-07.jpg,17630,
88b34cace0c9f8e62340ec612f47967c91bb2a1e,DELETE,regular-file,assets/ext/spritespin/page/images/3d1/sample-11-08.jpg,18829,
08cd0a8ba130e02fce636e76590d4db88bcca8b8,DELETE,regular-file,assets/ext/spritespin/page/images/3d1/sample-11-09.jpg,20215,
d4465ed13abead38382efecc09ebc3d1dba294ff,DELETE,regular-file,assets/ext/spritespin/page/images/3d1/sample-11-10.jpg,21745,
8c15bdca50174c312eeeee330283e72c1821fd1d,DELETE,regular-file,assets/ext/spritespin/page/images/3d1/sample-11-11.jpg,22636,
e616374e140b6ff5015ed4fff2ac2c87cdb30daa,DELETE,regular-file,assets/ext/spritespin/page/images/3d1/sample-11-12.jpg,22331,
4fb1618072cf85521880753189764d430829c0db,DELETE,regular-file,assets/ext/spritespin/page/images/3d1/sample-11-13.jpg,22889,
11bfef14099b9d84e9f5f191807544b83550e6aa,DELETE,regular-file,assets/ext/spritespin/page/images/3d1/sample-11-14.jpg,21987,
fa7fc2e32e2a2033e98a617d024fcb9a3ab0070b,DELETE,regular-file,assets/ext/spritespin/page/images/3d1/sample-11-15.jpg,20469,
66ad44b94fac350705cbf19669352a7f0e0d320c,DELETE,regular-file,assets/ext/spritespin/page/images/3d1/sample-11-16.jpg,18879,
bea96b2dcfc99e315d991ac3e96ba7bae7326dc7,DELETE,regular-file,assets/ext/spritespin/page/images/3d1/sample-11-17.jpg,17663,
8bb598c65bafeeb07c336b1c87eed99981135368,DELETE,regular-file,assets/ext/spritespin/page/images/3d1/sample-11-18.jpg,17096,
f26755590fd385787cc98972a0545b181d70eba1,DELETE,regular-file,assets/ext/spritespin/page/images/3d1/sample-11-19.jpg,17693,
158b317368fcf42eef2058875c4108da59934f95,DELETE,regular-file,assets/ext/spritespin/page/images/3d1/sample-11-20.jpg,18829,
3b7b4e14d8c2190e9d5e58388e425c17d9ae1ebc,DELETE,regular-file,assets/ext/spritespin/page/images/3d1/sample-11-21.jpg,20377,
f176ab1c279389532ba37cc7d6a5deef1b329e41,DELETE,regular-file,assets/ext/spritespin/page/images/3d1/sample-11-22.jpg,22061,
549028013d7c7e8b3e2b4c98a1fd1663e49bd6cc,DELETE,regular-file,assets/ext/spritespin/page/images/3d1/sample-11-23.jpg,22898,
f2a1bc0c6f545e20e631a96e8e92f9822e75d046,DELETE,regular-file,assets/ext/spritespin/page/images/ajax-loader.gif,673,
1318e29aba3f59ba8f1f13ddb76111e7685d98b1,DELETE,regular-file,assets/ext/spritespin/page/images/bike6x6_big.jpg,3403171,
182a1a3f734fc1b7d712c68b04c29bad9460d6cd,DELETE,regular-file,assets/ext/spritespin/page/images/icons/github.png,2625,
d4e2763ba161b84340ddea1fdae3330a206661ae,DELETE,regular-file,assets/ext/spritespin/page/images/icons/source.png,809,
65992fa80159a655288b7ebbf5f1ae596d7d9984,DELETE,regular-file,assets/ext/spritespin/page/images/icons/zipped.png,394,
7d153b0ecbd11e2a495ff24b094832d4f3a4e964,DELETE,regular-file,assets/ext/spritespin/page/images/panorama.jpg,383821,
240ecf7c2f4bf6091f4d48be5defce2c4ce6b2a0,DELETE,regular-file,assets/ext/spritespin/page/images/rad_zoom_001.jpg,38934,
390cc0e946ff98dae90915e24b46b4717569c868,DELETE,regular-file,assets/ext/spritespin/page/images/rad_zoom_002.jpg,38573,
abdd9e76a018552d4542471d5f55998f952fe6e3,DELETE,regular-file,assets/ext/spritespin/page/images/rad_zoom_003.jpg,38379,
1624df649cc18c4a9ac93ba4867872eb0072b2bc,DELETE,regular-file,assets/ext/spritespin/page/images/rad_zoom_004.jpg,37557,
4b15f6286a7267d5da290c4725a8261400748136,DELETE,regular-file,assets/ext/spritespin/page/images/rad_zoom_005.jpg,35394,
7fce35432a3819b66a7ead3e3876a8385ad1d66f,DELETE,regular-file,assets/ext/spritespin/page/images/rad_zoom_006.jpg,33677,
c1aa1d50b5b2f87f22b128f7714018fe2f619282,DELETE,regular-file,assets/ext/spritespin/page/images/rad_zoom_007.jpg,30060,
c41402f1f7084a1c65f7a0ebba9f4d1ee1f4a2e1,DELETE,regular-file,assets/ext/spritespin/page/images/rad_zoom_008.jpg,22493,
f619705cdd17e6f4a4e8c356d71a05643c04221e,DELETE,regular-file,assets/ext/spritespin/page/images/rad_zoom_009.jpg,15127,
13afefd55b1f20f5a3197cc48ce0aada2ddd7258,DELETE,regular-file,assets/ext/spritespin/page/images/rad_zoom_010.jpg,21060,
0d1b8ec953f2ea27758ef5eb86b125e8e02f89b0,DELETE,regular-file,assets/ext/spritespin/page/images/rad_zoom_011.jpg,27311,
140ce57ed19e4cb00fa5ead29143f763a96e8805,DELETE,regular-file,assets/ext/spritespin/page/images/rad_zoom_012.jpg,32872,
1aa1e75e6cef3fdcc85c533ee14ae106d39e2e6d,DELETE,regular-file,assets/ext/spritespin/page/images/rad_zoom_013.jpg,36056,
fd5940fe1f36c1e209f6ee804854eb8f469b6f09,DELETE,regular-file,assets/ext/spritespin/page/images/rad_zoom_014.jpg,38318,
c238debeda98b691e2079db9dc2bfb60e3b1863b,DELETE,regular-file,assets/ext/spritespin/page/images/rad_zoom_015.jpg,39525,
caa8a2dafcdf018fafa16eda296b6522d3c122a1,DELETE,regular-file,assets/ext/spritespin/page/images/rad_zoom_016.jpg,39489,
b279228b19ad1efd6e2e4ca25ee50014e725fa99,DELETE,regular-file,assets/ext/spritespin/page/images/rad_zoom_017.jpg,38850,
ab2f468f4ecec5953920d785a97ae49118e2d25b,DELETE,regular-file,assets/ext/spritespin/page/images/rad_zoom_018.jpg,38625,
6c8d3d418523fc1f4f5a2360d6e8be52ddd3c68f,DELETE,regular-file,assets/ext/spritespin/page/images/rad_zoom_019.jpg,37182,
7aed9d02ac85c8ca157b4ce713c39591e7f94334,DELETE,regular-file,assets/ext/spritespin/page/images/rad_zoom_020.jpg,36120,
a0b818884b23c3ddc583dac6b67601801bc87747,DELETE,regular-file,assets/ext/spritespin/page/images/rad_zoom_021.jpg,34430,
f726f7a69d3c303e20834c4e346cd92b7837c29e,DELETE,regular-file,assets/ext/spritespin/page/images/rad_zoom_022.jpg,31775,
03e0230e0bc9364c9ec029a29639e6dd5c42f22a,DELETE,regular-file,assets/ext/spritespin/page/images/rad_zoom_023.jpg,27299,
beefadc81d36173cefa922af09d5150caf4c2d10,DELETE,regular-file,assets/ext/spritespin/page/images/rad_zoom_024.jpg,20767,
6cd7747b4d599433f4b916368923ee8bc8a5ebab,DELETE,regular-file,assets/ext/spritespin/page/images/rad_zoom_025.jpg,17246,
4180f09a68d1a1b057451ad9536a5f131d28645c,DELETE,regular-file,assets/ext/spritespin/page/images/rad_zoom_026.jpg,14517,
cfd23936ae06a3a811b24a26d0a2b188d88ca3c8,DELETE,regular-file,assets/ext/spritespin/page/images/rad_zoom_027.jpg,18850,
2fcbdd6f711c23bc48f16fd235c7fa7e3585cae3,DELETE,regular-file,assets/ext/spritespin/page/images/rad_zoom_028.jpg,25021,
b6016bb1a3be368438690d3b8d052ba6ed11d977,DELETE,regular-file,assets/ext/spritespin/page/images/rad_zoom_029.jpg,29267,
87c2f2063d5e4c96b7f0d3b42e633cbbaf8e7ad5,DELETE,regular-file,assets/ext/spritespin/page/images/rad_zoom_030.jpg,33573,
68f20be4f1dcd65a85a863df19f162f177512374,DELETE,regular-file,assets/ext/spritespin/page/images/rad_zoom_031.jpg,35885,
a87c5430a36745555b415d6c71eec0aba90b4f80,DELETE,regular-file,assets/ext/spritespin/page/images/rad_zoom_032.jpg,37739,
4f10e045ff3d89e256da5108c390e4b69986b090,DELETE,regular-file,assets/ext/spritespin/page/images/rad_zoom_033.jpg,38321,
2ce58b0dd1b167a90c40ef037b5d7bb78f582589,DELETE,regular-file,assets/ext/spritespin/page/images/rad_zoom_034.jpg,38720,
be97c62b2159157251155a69964c26d20775e592,DELETE,regular-file,assets/ext/spritespin/page/images/test.rb,567,
4e33371b5666813aca668ca2eb5f5e0126991dbb,DELETE,regular-file,assets/ext/spritespin/page/index.html,4244,
91338b1277af0a0c00e2aef2ea3a555fec5af025,DELETE,regular-file,assets/ext/spritespin/page/layouts/default.html,1640,
b3f724dd1bdc7fe404bd4533417b47f90052a4b4,DELETE,regular-file,assets/ext/spritespin/page/layouts/example.html,932,
37dbd732c443999f99d7a244366f317f29ed6b0e,DELETE,regular-file,assets/ext/spritespin/page/page.js,330842,
5be7d6a40a0fe55909d2fbc7d47e43376c13547d,DELETE,regular-file,assets/ext/spritespin/page/spritespin.js,60557,
b4cdf749e0eea0352b6f4fb855a97b4e4063f705,DELETE,regular-file,assets/ext/spritespin/page/spritespin.min.js,32891,
a345875d72b6f13c38b35bec9b2e7420e05cb59f,DELETE,regular-file,assets/ext/spritespin/page/style.css,36753,
5be7d6a40a0fe55909d2fbc7d47e43376c13547d,DELETE,regular-file,assets/ext/spritespin/release/spritespin.js,60557,
b4cdf749e0eea0352b6f4fb855a97b4e4063f705,DELETE,regular-file,assets/ext/spritespin/release/spritespin.min.js,32891,
9694ee4001647fe145a1c97eea9f102ceb9f5cd5,DELETE,regular-file,assets/ext/spritespin/src/page/download.jade,1383,
a0ed7511a00f95eca18df7ccf638508ad332cb00,DELETE,regular-file,assets/ext/spritespin/src/page/examples.jade,23,
aa4107b42d5b241ca340d538e55467c976b5654f,DELETE,regular-file,assets/ext/spritespin/src/page/examples/index.jade,1005,
c55fa21336d95331bdd1fc7b4c654f55d97e82d7,DELETE,regular-file,assets/ext/spritespin/src/page/examples/sample-3d-view.jade,1093,
2da8f3789e65e633a2f820d5c8d0fe5b30e91375,DELETE,regular-file,assets/ext/spritespin/src/page/examples/sample-alternative-gallery.jade,616,
aee1f5eae74b5033c4bc594a7e597acf15072852,DELETE,regular-file,assets/ext/spritespin/src/page/examples/sample-alternative-panorama.jade,1077,
e19ae9d63e6122daf0739f6f6fb63e7be652a5e9,DELETE,regular-file,assets/ext/spritespin/src/page/examples/sample-basic-usage.jade,1099,
f3ab8cd21b828fa1e2fa870c070c537ecaaadb5d,DELETE,regular-file,assets/ext/spritespin/src/page/examples/sample-ease-and-blur.jade,912,
849c8d63bc75a305a1a6417054b103acae48fd4f,DELETE,regular-file,assets/ext/spritespin/src/page/examples/sample-ease-and-blur3d.jade,1040,
4f0ed9813d2b078aa3e07b37c4348854e64fe48e,DELETE,regular-file,assets/ext/spritespin/src/page/examples/sample-fullscreen.jade,587,
974e35928629973a0d20f7b0e5c02bffba13ce0e,DELETE,regular-file,assets/ext/spritespin/src/page/examples/sample-responsive.jade,732,
987cbcf587ce6522c3289175b07989a4a7300134,DELETE,regular-file,assets/ext/spritespin/src/page/examples/sample-sizing.jade,1290,
50dc5f727cd60f311de43e74f4af579d5c420dd4,DELETE,regular-file,assets/ext/spritespin/src/page/examples/sample-sprite-sheet.jade,1292,
c8fa2c0f9eadbf2059cfdc6a9966b8307f040c69,DELETE,regular-file,assets/ext/spritespin/src/page/examples/sample-zoom.jade,1033,
715dd11641e147c49d914b0fb95dfbb9c4b76635,DELETE,regular-file,assets/ext/spritespin/src/page/highlight.js,17350,
f83ae240223dad1275e39927fa95c33e42584b69,DELETE,regular-file,assets/ext/spritespin/src/page/howto.jade,5818,
cbc1ee4e93f8c0b9b2ce15a7fad1d38849c7725d,DELETE,regular-file,assets/ext/spritespin/src/page/index.jade,2079,
dfba2e647bbb9fcaebc13142b6eb275ee9ece183,DELETE,regular-file,assets/ext/spritespin/src/page/layouts/default.jade,1513,
2714f7d47b9b005eabb4d9254d8cef3112464eaa,DELETE,regular-file,assets/ext/spritespin/src/page/layouts/example.jade,859,
4e47c44834aaea95887b8e57604977bd315546bd,DELETE,regular-file,assets/ext/spritespin/src/page/page.js,5537,
47f92c0d0ffad47a60f04333c44002ae947f1e50,DELETE,regular-file,assets/ext/spritespin/src/page/style/style.scss,2203,
6fa50f0ce23776b31e2f2104b604d806b73f3dc0,DELETE,regular-file,assets/ext/spritespin/src/spritespin.api-fullscreen.js,3500,
dec31baac69c6637103245756ca9e0f4e1ee466e,DELETE,regular-file,assets/ext/spritespin/src/spritespin.api.js,2923,
df32982de5e078674023fac2d4b691a8236ab1e2,DELETE,regular-file,assets/ext/spritespin/src/spritespin.beh-click.js,686,
5d532f4a9a500a148f085b50b4c91ecb02d6f699,DELETE,regular-file,assets/ext/spritespin/src/spritespin.beh-drag.js,2212,
f714fcb6c3dccd765b65d5216bda295b4490bfaa,DELETE,regular-file,assets/ext/spritespin/src/spritespin.beh-hold.js,1493,
a7b67b7c564daa3185f692819bc5585b6fad841b,DELETE,regular-file,assets/ext/spritespin/src/spritespin.beh-swipe.js,1456,
33a22f8c212f56b2cbb0094b5870f1614b55f823,DELETE,regular-file,assets/ext/spritespin/src/spritespin.js,29766,
fa009a2949d7b7ba8659b81dd14b07e1e8c35a1c,DELETE,regular-file,assets/ext/spritespin/src/spritespin.mod-360.js,4240,
176639e5694123b36f063d94f9c615694204e781,DELETE,regular-file,assets/ext/spritespin/src/spritespin.mod-blur.js,3689,
0a6812fd61871982710e286d071f536f766bcfab,DELETE,regular-file,assets/ext/spritespin/src/spritespin.mod-ease.js,2835,
f89192abf9b873423a893be1c914b1a88445b168,DELETE,regular-file,assets/ext/spritespin/src/spritespin.mod-gallery.js,1963,
a9c037afe26d3a202d4201d1cc130262da70b568,DELETE,regular-file,assets/ext/spritespin/src/spritespin.mod-panorama.js,1639,
f4726a97b80944519b0a4c1ba665e18bb79722e2,DELETE,regular-file,assets/ext/spritespin/src/spritespin.mod-zoom.js,4143,