b0d847e256b2253b2950aa4c9da8e4fce27e03d2,DELETE,regular-file,assets/ext/fancyBox/CHANGELOG.md,5187,
08a91074b4a25cad52198c8224d350aca0443fc9,DELETE,regular-file,assets/ext/fancyBox/README.md,6174,
3153b6c5d2a8eba8fe13aa737915f08c466fb9f9,DELETE,regular-file,assets/ext/fancyBox/bower.json,477,
23e936f5a16ba5beeb6b2feb88699df1d1604758,DELETE,regular-file,assets/ext/fancyBox/composer.json,248,
0f662e341e65350cc7aa7f88fed34eff3b44d0db,DELETE,regular-file,assets/ext/fancyBox/demo/1_b.jpg,82080,
ef0bd550d7f90d7b2e65522b39964667621eea9c,DELETE,regular-file,assets/ext/fancyBox/demo/1_s.jpg,8097,
977cb6a99d61022ede314c87fa0e9ef72eb91107,DELETE,regular-file,assets/ext/fancyBox/demo/2_b.jpg,51674,
258cbcb657610bbacb2451e38d16ede19419fdf2,DELETE,regular-file,assets/ext/fancyBox/demo/2_s.jpg,1455,
e007a51c3ed027304f3605b25e9b9a77b8dbd254,DELETE,regular-file,assets/ext/fancyBox/demo/3_b.jpg,55777,
7206f24bbddcd747010eb83ae48b01f0ca2890eb,DELETE,regular-file,assets/ext/fancyBox/demo/3_s.jpg,2543,
a3a12a66f4194702a800eb9baefc9a87dd990111,DELETE,regular-file,assets/ext/fancyBox/demo/4_b.jpg,84150,
b9ea423224cc3492af4d9b2a2b0b6073c35a58b6,DELETE,regular-file,assets/ext/fancyBox/demo/4_s.jpg,5203,
ea1cfbc3fad38858318a9aac2f13e3ed3601abbe,DELETE,regular-file,assets/ext/fancyBox/demo/5_b.jpg,76217,
989975d11b56cc32a91991c7afda53cb35d4b498,DELETE,regular-file,assets/ext/fancyBox/demo/5_s.jpg,4412,
6f9788c843b3191af16f92477578262c962e20e7,DELETE,regular-file,assets/ext/fancyBox/demo/ajax.txt,2590,
b586e1525078e40d0226cebc5eb0849e6c6b3f3d,DELETE,regular-file,assets/ext/fancyBox/demo/iframe.html,1538,
e227c7a543786afe0208ba3e76fdbe49ce2be02a,DELETE,regular-file,assets/ext/fancyBox/demo/index.html,9687,
a32e45f54fcda6c542bded84278591614a48e7c0,DELETE,regular-file,assets/ext/fancyBox/fancybox.jquery.json,837,
4b1cebee302f32330cc6ea3e4914ea51a49f2b76,DELETE,regular-file,assets/ext/fancyBox/gulpfile.js,2003,
da4170647dd102aa92a57cb4936ff6dfa58d78c2,DELETE,regular-file,assets/ext/fancyBox/lib/jquery-1.10.2.min.js,93107,
429b956b7d52dbc78f0615e2158a5652e3ddbc03,DELETE,regular-file,assets/ext/fancyBox/lib/jquery.mousewheel.pack.js,1845,
51f599912c893b3b581b9453141d5ef29392769c,DELETE,regular-file,assets/ext/fancyBox/package.json,1079,
35d42e808f0a8017b8d52a06be2f8fec0b466a66,DELETE,regular-file,assets/ext/fancyBox/source/blank.gif,43,
a03a40c097ee728709f65d4ea7397903a389d484,DELETE,regular-file,assets/ext/fancyBox/source/fancybox_loading.gif,6567,
9205aeb09fffa6b571b4c6beee30b18400829c03,DELETE,regular-file,assets/ext/fancyBox/source/fancybox_loading@2x.gif,13984,
a4391396a9d6b6d7ff3b781f16904732fea40bdd,DELETE,regular-file,assets/ext/fancyBox/source/fancybox_overlay.png,1003,
fd8d5ca566d47a77d9562168617bb2f6482bf9be,DELETE,regular-file,assets/ext/fancyBox/source/fancybox_sprite.png,1362,
d0e4779f4bed43fe339f0cf1eb045d8cb9430c87,DELETE,regular-file,assets/ext/fancyBox/source/fancybox_sprite@2x.png,6553,
07872072704114b91681e2e6f9697ce1521b64d2,DELETE,regular-file,assets/ext/fancyBox/source/helpers/fancybox_buttons.png,1080,
302d6d5beb8269c3bd27b4d8ccb9be92f85e6ade,DELETE,regular-file,assets/ext/fancyBox/source/helpers/jquery.fancybox-buttons.css,2454,
352bb5f0d89a2a7325f513dc34d47c3fb6752bba,DELETE,regular-file,assets/ext/fancyBox/source/helpers/jquery.fancybox-buttons.js,3042,
99e62127a38eabe9ed5b813b62e87790a4c9c983,DELETE,regular-file,assets/ext/fancyBox/source/helpers/jquery.fancybox-media.js,5378,
63d294368d9e280e976902648209486ffd056a1a,DELETE,regular-file,assets/ext/fancyBox/source/helpers/jquery.fancybox-thumbs.css,735,
58c971943c870877fb608819b764ceb3afa9e55a,DELETE,regular-file,assets/ext/fancyBox/source/helpers/jquery.fancybox-thumbs.js,3889,
fb2c6dd28c0a377cbd411520394514dbd278dcb1,DELETE,regular-file,assets/ext/fancyBox/source/jquery.fancybox.css,4939,
d126de4952526d587bfe97de74d4eccf2d90995f,DELETE,executable,assets/ext/fancyBox/source/jquery.fancybox.js,48795,
2db128084874c3c71b3d6809af5d48927bda1a8e,DELETE,executable,assets/ext/fancyBox/source/jquery.fancybox.pack.js,23187,
6f2032db60b78d7858a42f3ce7c8578dfd5639fc,DELETE,regular-file,assets/ext/fancyBox/sprite.psd,250491,